DATE_ENREGISTREMENT;ETAT;QUANTITE;NO_LICENCE;LIB_CIVILITE;NOM_PERSONNE;PRENOM_PERSONNE;DATE_NAISSANCE_PERSONNE;LIB_NATIONALITE;SEXE_PERSONNE;CODE_STRUCTURE;NOM_STRUCTURE;NOM_ABREGE_STRUCTURE;CODE_DEPARTEMENT;NOM_DEPARTEMENT;CODE_LIGUE;NOM_LIGUE;NOM_FEDERATION;LIB_SAISON;LIB_TARIF;TARIF;LICENCE_TRANSFERT;DUPLICATA;LIB_PRODUIT_ASSUR;PRODUIT_ASSUR;LIB_PRODUIT_ABONN;PRODUIT_ABONN;CODE_PRODUIT;LIB_TYPE_LICENCE;LIB_TYPE_LICENCE_ASSOCIE;CREATION_RENOUVELLEMENT;CODE_FAMILLE;LIB_FAMILLE;NUMERO_COMMANDE;DATE_COMMANDE;DATE_REGLEMENT;ETAT_COMMANDE;DEBUT_VALIDITE_LICENCE;FIN_VALIDITE_LICENCE;DATE_SOUSCRIPTION;DATE_VALIDATION;DATE_EDITION;ETAT_EDITION;LIB_SURCLASSEMENT;CODE_CATAGE;LIB_CATAGE;LIB_ACTIVITE;ACTIVITE_PRINCIPALE;DATE_CERTIFICAT_MEDICAL_CMNCI;TYPE_CERTIFICAT_MEDICAL_CMNCI;NOM_MEDECIN_CERTIFICAT_MEDICAL_CMNCI;NUM_MEDECIN_CERTIFICAT_MEDICAL_CMNCI;DATE_CERTIFICAT_MEDICAL_CMNCI_COMP;TYPE_CERTIFICAT_MEDICAL_CMNCI_COMP;NOM_MEDECIN_CERTIFICAT_MEDICAL_CMNCI_COMP;NUM_MEDECIN_CERTIFICAT_MEDICAL_CMNCI_COMP;ADRESSE_APPART_PERSONNE;ADRESSE_IMMEUBLE_PERSONNE;ADRESSE_RUE_PERSONNE;ADRESSE_LIEUDIT_PERSONNE;ADRESSE_CODE_POSTAL_PERSONNE;ADRESSE_VILLE_PERSONNE;ADRESSE_PAYS_PERSONNE;ADRESSE_CODEINSEE_PERSONNE;ADRESSE_EMAIL_PERSONNE;ADRESSE_EMAIL2_PERSONNE;ADRESSE_TEL1_PERSONNE;ADRESSE_TEL2_PERSONNE;ADRESSE_MOBILE1_PERSONNE;ADRESSE_MOBILE2_PERSONNE;ADRESSE_FAX1_PERSONNE;LONGITUDE;LATITUDE;AUTORISATION_DIFFUSION_ADRESSE;TAILLE
02/09/2021 04:53;Inactif;1;817169Z;Mme;BLACKWALL;ELISABETH;07/24/1942;FR;Femme;335073;LES ARCHERS DE LIFFRE;LIFFRE;35000;COMITE DEPARTEMENTAL ILLE ET VILAINE;CR03;COMITE REGIONAL DE BRETAGNE;FFTA;2022;;68,75;Non;Non;Assurance;ASSUR;;;A;ADULTE Pratique en compétition;;RENOUVELLEMENT;LIC;Licences;0000002477.21.22.007;01/09/2021;01/10/2021;Paye;02/09/2021;31/08/2022;02/09/2021;02/09/2021;03/09/2021;Editee;Aucun;S3;Sénior 3;Arc Classique;;;;;;23/09/2019;Non contre ind. compétition;;;;;;PLACE DE LA MAIRIE;35590;CLAYES;FRANCE;35590;elisabeth_blackwall2327@qater.org;elisabeth_blackwall2327@qater.org;06 63 73 74 64;06 96 14 58 67;06 78 83 42 71;;;-1.89271998405;48.2151985168;Oui;S
02/09/2021 07:48;Actif;1;455553C;Mme;PATERSON;BRIDGET;07/24/1942;FR;Femme;335073;LES ARCHERS DE LIFFRE;LIFFRE;35000;COMITE DEPARTEMENTAL ILLE ET VILAINE;CR03;COMITE REGIONAL DE BRETAGNE;FFTA;2022;;68,75;Non;Non;Assurance;ASSUR;;;A;ADULTE Pratique en compétition;;RENOUVELLEMENT;LIC;Licences;0000002477.21.22.007;01/09/2021;01/10/2021;Paye;02/09/2021;31/08/2022;02/09/2021;02/09/2021;03/09/2021;Editee;Aucun;S1;Sénior 1;Arc Classique;;;;;;07/09/2020;Non contre ind. compétition;;;;;;16 RUE DE LA MAIRIE;35560;MARCILLÉ-RAOUL;FRANCE;35560;bridget_paterson6918@naiker.biz;;06 21 35 42 60;07 86 51 90 13;06 19 74 63 38;;;-1.604002;48.385553;Oui;S
09/09/2021 07:29;Actif;1;258282R;Mme;NOACH;SLOANE;09/20/1954;FR;Femme;335073;LES ARCHERS DE LIFFRE;LIFFRE;35000;COMITE DEPARTEMENTAL ILLE ET VILAINE;CR03;COMITE REGIONAL DE BRETAGNE;FFTA;2022;;68,75;Non;Non;Assurance;ASSUR;;;A;ADULTE Pratique en compétition;;RENOUVELLEMENT;LIC;Licences;0000002477.21.22.007;01/09/2021;01/10/2021;Paye;09/09/2021;31/08/2022;09/09/2021;09/09/2021;10/09/2021;Editee;Aucun;S2;Sénior 2;Arc Nu;;;;;;13/09/2019;Non contre ind. compétition;;;;;11 RUE CHANOINE-HÉLESBEUX;;35420;LA BAZOUGE-DU-DÉSERT;FRANCE;35420;sloane_noach3087@elnee.tech;;06 70 52 71 57;06 10 83 86 41;07 97 34 20 74;07 50 55 97 35;;-1.10603904724;48.4436645508;Oui;L
09/09/2021 07:31;Actif;1;421800G;M.;CARTWRIGHT;FRED;09/20/1954;FR;Homme;335073;LES ARCHERS DE LIFFRE;LIFFRE;35000;COMITE DEPARTEMENTAL ILLE ET VILAINE;CR03;COMITE REGIONAL DE BRETAGNE;FFTA;2022;;68,75;Non;Non;Assurance;ASSUR;;;A;ADULTE Pratique en compétition;;RENOUVELLEMENT;LIC;Licences;0000002477.21.22.007;01/09/2021;01/10/2021;Paye;09/09/2021;31/08/2022;09/09/2021;09/09/2021;10/09/2021;Editee;Aucun;S2;Sénior 2;Arc à Poulies,Arc Chasse;;;;;;05/09/2020;Non contre ind. compétition;;;;;1 PLACE DE LA MAIRIE;;35270;MEILLAC;FRANCE;35270;fred_cartwright7684@hourpy.biz;fred_cartwright7684@hourpy.biz;07 16 92 79 89;07 24 79 16 37;06 53 57 45 19;;;-1.81163799763;48.4115943909;Oui;L
09/09/2021 08:10;Actif;1;636388O;M.;GREGORY;FRED;09/20/1954;FR;Homme;335073;LES ARCHERS DE LIFFRE;LIFFRE;35000;COMITE DEPARTEMENTAL ILLE ET VILAINE;CR03;COMITE REGIONAL DE BRETAGNE;FFTA;2022;;68,75;Non;Non;Assurance;ASSUR;;;A;ADULTE Pratique en compétition;;RENOUVELLEMENT;LIC;Licences;0000002477.21.22.007;01/09/2021;01/10/2021;Paye;09/09/2021;31/08/2022;09/09/2021;09/09/2021;10/09/2021;Editee;Aucun;S2;Sénior 2;Arc Classique;;;;;;14/08/2020;Non contre ind. compétition;;;;;4 RUE DU TAILLIS;;35270;TRÉMEHEUC;FRANCE;35270;fred_gregory4668@nimogy.biz;;07 49 85 59 94;06 45 75 46 88;06 53 91 53 99;;;-1.70322;48.425326;Oui;XL
09/09/2021 08:14;Actif;1;117350O;M.;ELLISON;BENNY;09/20/1954;FR;Homme;335073;LES ARCHERS DE LIFFRE;LIFFRE;35000;COMITE DEPARTEMENTAL ILLE ET VILAINE;CR03;COMITE REGIONAL DE BRETAGNE;FFTA;2022;;68,75;Non;Non;Assurance;ASSUR;;;A;ADULTE Pratique en compétition;;RENOUVELLEMENT;LIC;Licences;0000002477.21.22.007;01/09/2021;01/10/2021;Paye;09/09/2021;31/08/2022;09/09/2021;09/09/2021;10/09/2021;Editee;Aucun;S2;Sénior 2;Arc à Poulies,Arc Classique;;;;;;17/09/2019;Non contre ind. compétition;;;;;23 RUE DE BRETAGNE;;35420;LE FERRÉ;FRANCE;35420;benny_ellison5671@elnee.tech;;06 13 22 45 92;06 87 33 89 53;;06 37 44 73 19;;-1.83492994308;48.3291015625;Oui;XL
09/09/2021 08:21;Actif;1;780739H;M.;LANE;CHUCK;03/29/1956;FR;Homme;335073;LES ARCHERS DE LIFFRE;LIFFRE;35000;COMITE DEPARTEMENTAL ILLE ET VILAINE;CR03;COMITE REGIONAL DE BRETAGNE;FFTA;2022;;68,75;Non;Non;Assurance;ASSUR;;;A;ADULTE Pratique en compétition;;RENOUVELLEMENT;LIC;Licences;0000002477.21.22.007;01/09/2021;01/10/2021;Paye;09/09/2021;31/08/2022;09/09/2021;09/09/2021;10/09/2021;Editee;Aucun;S1;Sénior 1;Arc à Poulies,Arc Droit;;;;;;30/09/2019;Non contre ind. compétition;;;;;PLACE DE LA MAIRIE;;35210;COMBOURTILLÉ;FRANCE;35210;chuck_lane3351@corti.com;chuck_lane3351@corti.com;07 13 57 63 26;07 30 42 94 11;06 76 43 13 84;07 45 66 41 98;;-1.2913047;48.2739757;Oui;L
09/09/2021 08:22;Actif;1;479388B;M.;NAYLER;EDUARDO;03/29/1956;FR;Homme;335073;LES ARCHERS DE LIFFRE;LIFFRE;35000;COMITE DEPARTEMENTAL ILLE ET VILAINE;CR03;COMITE REGIONAL DE BRETAGNE;FFTA;2022;;68,75;Non;Non;Assurance;ASSUR;;;A;ADULTE Pratique en compétition;;RENOUVELLEMENT;LIC;Licences;0000002477.21.22.007;01/09/2021;01/10/2021;Paye;09/09/2021;31/08/2022;09/09/2021;09/09/2021;10/09/2021;Editee;Aucun;S1;Sénior 1;Arc Classique;;;;;;30/09/2019;Non contre ind. compétition;;;;;5 PLACE DE L'HÔTEL-DE-VILLE;;35220;CHÂTEAUBOURG;FRANCE;35220;eduardo_nayler8135@extex.org;;07 30 73 60 91;06 41 31 16 70;06 62 48 13 89;;;-1.405353;48.109406;Oui;M
09/09/2021 08:37;Actif;1;749495U;Mme;BLOOM;LILIANA;12/29/1967;FR;Femme;335073;LES ARCHERS DE LIFFRE;LIFFRE;35000;COMITE DEPARTEMENTAL ILLE ET VILAINE;CR03;COMITE REGIONAL DE BRETAGNE;FFTA;2022;;68,75;Non;Non;Assurance;ASSUR;;;A;ADULTE Pratique en compétition;;RENOUVELLEMENT;LIC;Licences;0000002477.21.22.007;01/09/2021;01/10/2021;Paye;09/09/2021;31/08/2022;09/09/2021;09/09/2021;10/09/2021;Editee;Aucun;S3;Sénior 3;Arc Classique;;;;;;10/10/2019;Non contre ind. compétition;;;;;1 PLACE DE LA MAIRIE;;35330;COMBLESSAC;FRANCE;35330;liliana_bloom4802@gompie.com;;07 53 27 61 89;07 77 17 52 95;06 30 53 70 18;07 39 60 99 93;;-2.084245;47.876768;Oui;XXL
13/09/2021 02:22;Actif;1;273666I;M.;ROWE;ALEXANDER;03/29/1956;FR;Homme;335073;LES ARCHERS DE LIFFRE;LIFFRE;35000;COMITE DEPARTEMENTAL ILLE ET VILAINE;CR03;COMITE REGIONAL DE BRETAGNE;FFTA;2022;;68,75;Non;Non;Assurance;ASSUR;;;A;ADULTE Pratique en compétition;;RENOUVELLEMENT;LIC;Licences;0000002477.21.22.007;01/09/2021;01/10/2021;Paye;13/09/2021;31/08/2022;13/09/2021;13/09/2021;14/09/2021;Editee;Aucun;S2;Sénior 2;Arc à Poulies,Arc Libre;;;;;;25/08/2020;Non contre ind. compétition;;;;;35 RUE COLONEL-DU-HALGOUËT;;35660;RENAC;FRANCE;35660;alexander_rowe4337@dionrab.com;;07 82 63 32 31;06 19 29 76 98;;06 79 54 58 24;;-1.975602;47.7194505;Oui;S
18/09/2021 11:54;Actif;1;827451S;M.;IRVING;GEORGE;09/20/1971;FR;Homme;335073;LES ARCHERS DE LIFFRE;LIFFRE;35000;COMITE DEPARTEMENTAL ILLE ET VILAINE;CR03;COMITE REGIONAL DE BRETAGNE;FFTA;2022;;68,75;Non;Non;Assurance;ASSUR;;;A;ADULTE Pratique en compétition;;RENOUVELLEMENT;LIC;Licences;0000002477.21.22.007;01/09/2021;01/10/2021;Paye;18/09/2021;31/08/2022;18/09/2021;18/09/2021;19/09/2021;Editee;Aucun;S2;Sénior 2;Arc à Poulies;;;;;;23/09/2019;Non contre ind. compétition;;;;;2 RUE DU CHEVAL-BLANC;;35130;LA GUERCHE-DE-BRETAGNE;FRANCE;35130;george_irving5114@corti.com;george_irving5114@corti.com;06 75 75 82 94;06 85 32 23 23;;;;-1.230696;47.941933;Oui;XL
18/09/2021 11:59;Actif;1;250554D;Mme;ALLEN;HOPE;05/24/1993;FR;Femme;335073;LES ARCHERS DE LIFFRE;LIFFRE;35000;COMITE DEPARTEMENTAL ILLE ET VILAINE;CR03;COMITE REGIONAL DE BRETAGNE;FFTA;2022;;68,75;Non;Non;Assurance;ASSUR;;;A;ADULTE Pratique en compétition;;RENOUVELLEMENT;LIC;Licences;0000002477.21.22.007;01/09/2021;01/10/2021;Paye;18/09/2021;31/08/2022;18/09/2021;18/09/2021;19/09/2021;Editee;Aucun;S2;Sénior 2;Arc Classique;;;;;;09/11/2018;Non contre ind. compétition;;;;;2 PLACE DE L'ÉGLISE;;35133;SAINT-SAUVEUR-DES-LANDES;FRANCE;35133;hope_allen5811@sveldo.biz;hope_allen5811@sveldo.biz;07 24 38 47 76;06 18 23 66 97;;;;-1.3136453;48.3421427;Oui;L
18/09/2021 12:17;Actif;1;489950L;Mme;VALLORY;MILEY;03/29/1956;FR;Femme;335073;LES ARCHERS DE LIFFRE;LIFFRE;35000;COMITE DEPARTEMENTAL ILLE ET VILAINE;CR03;COMITE REGIONAL DE BRETAGNE;FFTA;2022;;68,75;Non;Non;Assurance;ASSUR;;;A;ADULTE Pratique en compétition;;RENOUVELLEMENT;LIC;Licences;0000002477.21.22.007;01/09/2021;01/10/2021;Paye;18/09/2021;31/08/2022;18/09/2021;18/09/2021;19/09/2021;Editee;Aucun;S2;Sénior 2;Arc à Poulies,Arc Nu;;;;;;07/09/2021;Non contre ind. compétition;;;;;;9 BIS RUE DE SAINT-PÉRAN;35160;TALENSAC;FRANCE;35160;miley_vallory4438@grannar.com;;07 14 10 22 65;06 51 91 41 67;;;;-1.92915999889;48.1085014343;Oui;S
18/09/2021 12:26;Actif;1;333053E;Mme;SMITH;DARLENE;12/31/1940;FR;Femme;335073;LES ARCHERS DE LIFFRE;LIFFRE;35000;COMITE DEPARTEMENTAL ILLE ET VILAINE;CR03;COMITE REGIONAL DE BRETAGNE;FFTA;2022;;68,75;Non;Non;Assurance;ASSUR;;;A;ADULTE Pratique en compétition;;RENOUVELLEMENT;LIC;Licences;0000002477.21.22.007;01/09/2021;01/10/2021;Paye;18/09/2021;31/08/2022;18/09/2021;18/09/2021;19/09/2021;Editee;Aucun;S1;Sénior 1;Arc Classique;;;;;;02/09/2019;Non contre ind. compétition;;;;;LE BOURG;;35630;LES IFFS;FRANCE;35630;darlene_smith4304@deavo.com;darlene_smith4304@deavo.com;06 43 37 43 78;07 42 58 41 50;;;;-1.86673700809;48.2879714966;Oui;L
18/09/2021 02:02;Actif;1;404334S;M.;LINDSAY;KURT;08/18/1958;FR;Homme;335073;LES ARCHERS DE LIFFRE;LIFFRE;35000;COMITE DEPARTEMENTAL ILLE ET VILAINE;CR03;COMITE REGIONAL DE BRETAGNE;FFTA;2022;;68,75;Non;Non;Assurance;ASSUR;;;A;ADULTE Pratique en compétition;;RENOUVELLEMENT;LIC;Licences;0000002477.21.22.007;01/09/2021;01/10/2021;Paye;18/09/2021;31/08/2022;18/09/2021;18/09/2021;19/09/2021;Editee;Aucun;S2;Sénior 2;Arc Chasse;;;;;;13/08/2021;Non contre ind. compétition;;;;;22 RUE DE CHÂTEAUBRIANT;;35771;VERN-SUR-SEICHE CEDEX;FRANCE;35771;kurt_lindsay5167@yahoo.com;kurt_lindsay5167@yahoo.com;06 37 75 45 12;06 63 10 65 76;07 10 93 32 71;;;-1.65625;48.0433998108;Oui;XXL
19/09/2021 06:52;Actif;1;418375H;M.;STRONG;GABRIEL;03/29/1956;FR;Homme;335073;LES ARCHERS DE LIFFRE;LIFFRE;35000;COMITE DEPARTEMENTAL ILLE ET VILAINE;CR03;COMITE REGIONAL DE BRETAGNE;FFTA;2022;;68,75;Non;Non;Assurance;ASSUR;;;A;ADULTE Pratique en compétition;;RENOUVELLEMENT;LIC;Licences;0000002477.21.22.007;01/09/2021;01/10/2021;Paye;19/09/2021;31/08/2022;19/09/2021;19/09/2021;21/09/2021;Editee;Aucun;S1;Sénior 1;Arc Classique,Arc Nu;;;;;;18/09/2019;Non contre ind. compétition;;;;;2 RUE DES TILLEULS;2 RUE DES Ã‰COLES;35450;LANDAVRAN;FRANCE;35450;gabriel_strong1926@iatim.tech;;07 78 45 28 81;06 49 23 25 29;;;;-1.28947997093;48.1607017517;Oui;L
19/09/2021 07:07;Actif;1;248377A;Mme;REID;DARLENE;06/29/1989;FR;Femme;335073;LES ARCHERS DE LIFFRE;LIFFRE;35000;COMITE DEPARTEMENTAL ILLE ET VILAINE;CR03;COMITE REGIONAL DE BRETAGNE;FFTA;2022;;68,75;Non;Non;Assurance;ASSUR;;;A;ADULTE Pratique en compétition;;RENOUVELLEMENT;LIC;Licences;0000002477.21.22.007;01/09/2021;01/10/2021;Paye;19/09/2021;31/08/2022;19/09/2021;19/09/2021;20/09/2021;Editee;Aucun;S3;Sénior 3;Arc à Poulies,Arc Droit,Arc Libre;;;;;;07/09/2019;Non contre ind. compétition;;;;;12 RUE NATIONALE;;35190;TINTÉNIAC;FRANCE;35190;darlene_reid7821@naiker.biz;;07 37 42 93 33;06 67 52 82 91;;07 46 55 68 93;;-1.83519;48.328863;Oui;L
20/09/2021 10:09;Actif;1;615157E;Mme;GRIFFITHS;FELICITY;06/29/1989;FR;Femme;335073;LES ARCHERS DE LIFFRE;LIFFRE;35000;COMITE DEPARTEMENTAL ILLE ET VILAINE;CR03;COMITE REGIONAL DE BRETAGNE;FFTA;2022;;38,75;Non;Non;Assurance;ASSUR;;;J;Jeune;;RENOUVELLEMENT;LIC;Licences;0000002477.21.22.007;01/09/2021;01/10/2021;Paye;20/09/2021;31/08/2022;20/09/2021;20/09/2021;21/09/2021;Editee;Aucun;J;Junior;Arc Classique;;;;;;20/09/2021;Non contre ind. compétition;;;;;29 AVENUE DU MARÉCHAL-LECLERC;;35310;MORDELLES;FRANCE;35310;felicity_griffiths9644@mafthy.com;;07 46 33 11 89;06 64 66 40 64;06 25 11 75 21;;;-1.84747600555;48.0733299255;Oui;L
20/09/2021 10:10;Actif;1;108964T;M.;ROWAN;JOSEPH;06/29/1989;FR;Homme;335073;LES ARCHERS DE LIFFRE;LIFFRE;35000;COMITE DEPARTEMENTAL ILLE ET VILAINE;CR03;COMITE REGIONAL DE BRETAGNE;FFTA;2022;;68,75;Non;Non;Assurance;ASSUR;;;A;ADULTE Pratique en compétition;;RENOUVELLEMENT;LIC;Licences;0000002477.21.22.007;01/09/2021;01/10/2021;Paye;20/09/2021;31/08/2022;20/09/2021;20/09/2021;21/09/2021;Editee;Aucun;S2;Sénior 2;Arc à Poulies;;;;;;04/09/2020;Non contre ind. compétition;;;;;21 RUE DE PARIS;;35120;BAGUER-PICAN;FRANCE;35120;joseph_rowan3872@naiker.biz;;06 75 94 32 56;06 34 52 89 15;07 79 15 91 45;06 18 72 67 76;;-1.69928002357;48.5530014038;Oui;XL
20/09/2021 10:13;Actif;1;930690U;Mme;ROBINSON;ANGELA;02/13/1994;FR;Femme;335073;LES ARCHERS DE LIFFRE;LIFFRE;35000;COMITE DEPARTEMENTAL ILLE ET VILAINE;CR03;COMITE REGIONAL DE BRETAGNE;FFTA;2022;;38,75;Non;Non;Assurance;ASSUR;;;J;Jeune;;RENOUVELLEMENT;LIC;Licences;0000002477.21.22.007;01/09/2021;01/10/2021;Paye;20/09/2021;31/08/2022;20/09/2021;20/09/2021;21/09/2021;Editee;Aucun;C;Cadet;Arc à Poulies,Arc Classique;;;;;;20/09/2021;Non contre ind. compétition;;;;;MAURE-DE-BRETAGNE;;35330;VAL D'ANAST;FRANCE;35330;angela_robinson3562@ubusive.com;angela_robinson3562@ubusive.com;06 45 54 79 66;07 19 34 46 41;;;;-1.98785996437;47.8912010193;Oui;M
25/09/2021 10:23;Actif;1;156429Z;Mme;CLARKSON;VALERIE;11/28/1943;FR;Femme;335073;LES ARCHERS DE LIFFRE;LIFFRE;35000;COMITE DEPARTEMENTAL ILLE ET VILAINE;CR03;COMITE REGIONAL DE BRETAGNE;FFTA;2022;;68,75;Non;Non;Assurance;ASSUR;;;A;ADULTE Pratique en compétition;;RENOUVELLEMENT;LIC;Licences;0000002477.21.22.007;01/09/2021;01/10/2021;Paye;25/09/2021;31/08/2022;25/09/2021;25/09/2021;26/09/2021;Editee;Aucun;S3;Sénior 3;Arc à Poulies;;;;;;23/09/2021;Non contre ind. compétition;;;;;5 RUE DE LA MAIRIE;;35230;ORGÈRES;FRANCE;35230;valerie_clarkson2552@sveldo.biz;;07 83 56 57 18;07 12 64 21 68;07 53 92 26 98;;;-1.66752994061;47.9954986572;Oui;XXL
25/09/2021 10:43;Actif;1;667191B;Mme;RUST;ELLY;05/17/1951;FR;Femme;335073;LES ARCHERS DE LIFFRE;LIFFRE;35000;COMITE DEPARTEMENTAL ILLE ET VILAINE;CR03;COMITE REGIONAL DE BRETAGNE;FFTA;2022;;68,75;Non;Non;Assurance;ASSUR;;;A;ADULTE Pratique en compétition;;RENOUVELLEMENT;LIC;Licences;0000002477.21.22.007;01/09/2021;01/10/2021;Paye;25/09/2021;31/08/2022;25/09/2021;25/09/2021;26/09/2021;Editee;Aucun;S2;Sénior 2;Arc à Poulies,Arc Classique,Arc Droit,Arc Libre;;;;;;24/08/2020;Non contre ind. compétition;;;105;;2 RUE DES BRUYÈRES;;35330;LES BRULAIS;FRANCE;35330;elly_rust4605@nimogy.biz;;07 48 69 24 31;07 31 45 72 84;07 23 14 78 90;06 63 11 21 98;;-2.04251408577;47.8890609741;Oui;XXL
25/09/2021 11:14;Actif;1;414455F;M.;SANTOS;MARVIN;05/17/1951;FR;Homme;335073;LES ARCHERS DE LIFFRE;LIFFRE;35000;COMITE DEPARTEMENTAL ILLE ET VILAINE;CR03;COMITE REGIONAL DE BRETAGNE;FFTA;2022;;68,75;Non;Non;Assurance;ASSUR;;;A;ADULTE Pratique en compétition;;RENOUVELLEMENT;LIC;Licences;0000002477.21.22.007;01/09/2021;01/10/2021;Paye;25/09/2021;31/08/2022;25/09/2021;25/09/2021;26/09/2021;Editee;Aucun;S2;Sénior 2;Arc Classique;;;;;;01/10/2020;Non contre ind. compétition;;;;;37 RUE PRINCIPALE;;35330;MERNEL;FRANCE;35330;marvin_santos5276@infotech44.tech;;07 93 94 21 79;07 36 83 36 46;;;;-1.968837;47.8977355;Oui;L
25/09/2021 11:26;Actif;1;343559J;M.;PARR;CHESTER;05/17/1951;FR;Homme;335073;LES ARCHERS DE LIFFRE;LIFFRE;35000;COMITE DEPARTEMENTAL ILLE ET VILAINE;CR03;COMITE REGIONAL DE BRETAGNE;FFTA;2022;;68,75;Non;Non;Assurance;ASSUR;;;A;ADULTE Pratique en compétition;;RENOUVELLEMENT;LIC;Licences;0000002477.21.22.007;01/09/2021;01/10/2021;Paye;25/09/2021;31/08/2022;25/09/2021;25/09/2021;26/09/2021;Editee;Aucun;S1;Sénior 1;Arc à Poulies;;;;;;23/09/2020;Non contre ind. compétition;;;;;15 RUE DU RELAIS;;35133;LA CHAPELLE-JANSON;FRANCE;35133;chester_parr257@corti.com;chester_parr257@corti.com;07 76 50 49 11;07 84 16 26 20;07 19 45 81 50;;;-1.09991002083;48.3476982117;Non;L
25/09/2021 02:00;Actif;1;372657C;Mme;DREW;KASSANDRA;03/14/1990;FR;Femme;335073;LES ARCHERS DE LIFFRE;LIFFRE;35000;COMITE DEPARTEMENTAL ILLE ET VILAINE;CR03;COMITE REGIONAL DE BRETAGNE;FFTA;2022;;29,75;Non;Non;Assurance;ASSUR;;;P;Poussin;;CREATION;LIC;Licences;0000002477.21.22.007;01/09/2021;01/10/2021;Paye;25/09/2021;31/08/2022;25/09/2021;25/09/2021;26/09/2021;Editee;Aucun;P;Poussin;Arc Classique;;;;;;25/09/2021;Non contre ind. compétition;;;;;5 RUE DE LA LIBERTÉ;;35190;QUÉBRIAC;FRANCE;35190;kassandra_drew482@nimogy.biz;;07 25 56 99 72;07 94 32 50 88;;;;-1.8271904;48.3454047;Oui;
25/09/2021 02:18;Actif;1;523871H;M.;QUINTON;OLIVER;03/14/1990;FR;Homme;335073;LES ARCHERS DE LIFFRE;LIFFRE;35000;COMITE DEPARTEMENTAL ILLE ET VILAINE;CR03;COMITE REGIONAL DE BRETAGNE;FFTA;2022;;68,75;Non;Non;Assurance;ASSUR;;;A;ADULTE Pratique en compétition;;CREATION;LIC;Licences;0000002477.21.22.007;01/09/2021;01/10/2021;Paye;25/09/2021;31/08/2022;25/09/2021;25/09/2021;26/09/2021;Editee;Aucun;S1;Sénior 1;Arc Classique;;;;;;23/09/2021;Non contre ind. compétition;;;;;47 BOULEVARD FÉART;;35801;DINARD CEDEX;FRANCE;35801;oliver_quinton3649@nimogy.biz;;06 86 94 42 13;06 25 40 88 10;;;;-2.0549822;48.63149;Oui;
25/09/2021 05:41;Actif;1;269179V;Mme;MCLEOD;FRANCESCA;11/16/1995;FR;Femme;335073;LES ARCHERS DE LIFFRE;LIFFRE;35000;COMITE DEPARTEMENTAL ILLE ET VILAINE;CR03;COMITE REGIONAL DE BRETAGNE;FFTA;2022;;68,75;Non;Non;Assurance;ASSUR;;;A;ADULTE Pratique en compétition;;RENOUVELLEMENT;LIC;Licences;0000002477.21.22.007;01/09/2021;01/10/2021;Paye;25/09/2021;31/08/2022;25/09/2021;25/09/2021;26/09/2021;Editee;Aucun;S1;Sénior 1;Arc Classique;;;;;;14/09/2021;Non contre ind. compétition;;;;;2 RUE DU PAS-AU-LOUP;;35420;POILLEY;FRANCE;35420;francesca_mcleod8747@zorer.org;;07 91 72 60 93;06 65 42 65 69;06 28 29 17 17;;;-1.251176;48.47401;Oui;L
25/09/2021 06:31;Actif;1;447780D;M.;NURTON;HENRY;11/28/1943;FR;Homme;335073;LES ARCHERS DE LIFFRE;LIFFRE;35000;COMITE DEPARTEMENTAL ILLE ET VILAINE;CR03;COMITE REGIONAL DE BRETAGNE;FFTA;2022;;68,75;Non;Non;Assurance;ASSUR;;;A;ADULTE Pratique en compétition;;RENOUVELLEMENT;LIC;Licences;0000002477.21.22.007;01/09/2021;01/10/2021;Paye;25/09/2021;31/08/2022;25/09/2021;25/09/2021;26/09/2021;Editee;Aucun;S3;Sénior 3;Arc Chasse;;;;;;17/09/2021;Non contre ind. compétition;;;;;6 RUE DE RENNES;;35530;BRÉCÉ;FRANCE;35530;henry_nurton5181@sveldo.biz;henry_nurton5181@sveldo.biz;07 68 12 26 10;06 70 91 18 75;;;;-1.48263670000006;48.110388;Oui;XL
25/09/2021 06:32;Actif;1;785139L;M.;DAVIES;LEROY;11/28/1943;FR;Homme;335073;LES ARCHERS DE LIFFRE;LIFFRE;35000;COMITE DEPARTEMENTAL ILLE ET VILAINE;CR03;COMITE REGIONAL DE BRETAGNE;FFTA;2022;;68,75;Non;Non;Assurance;ASSUR;;;A;ADULTE Pratique en compétition;;RENOUVELLEMENT;LIC;Licences;0000002477.21.22.007;01/09/2021;01/10/2021;Paye;25/09/2021;31/08/2022;25/09/2021;25/09/2021;26/09/2021;Editee;Aucun;S3;Sénior 3;Arc Chasse;;;;;;17/09/2021;Non contre ind. compétition;;;;;1 PLACE DE LA MAIRIE;;35140;SAINT-GEORGES-DE-CHESNÉ;FRANCE;35140;leroy_davies2038@irrepsy.com;leroy_davies2038@irrepsy.com;06 65 45 67 22;06 66 78 12 59;06 71 87 54 40;;;-1.29137003422;48.2738990784;Oui;L
25/09/2021 06:34;Actif;1;736755I;Mme;WINDSOR;VICTORIA;06/29/1989;FR;Femme;335073;LES ARCHERS DE LIFFRE;LIFFRE;35000;COMITE DEPARTEMENTAL ILLE ET VILAINE;CR03;COMITE REGIONAL DE BRETAGNE;FFTA;2022;;38,75;Non;Non;Assurance;ASSUR;;;J;Jeune;;RENOUVELLEMENT;LIC;Licences;0000002477.21.22.007;01/09/2021;01/10/2021;Paye;25/09/2021;31/08/2022;25/09/2021;25/09/2021;26/09/2021;Editee;Aucun;C;Cadet;Arc Classique;;;;;;25/09/2021;Non contre ind. compétition;;;;;12 PLACE DE L'ÉGLISE;;35220;SAINT-DIDIER;FRANCE;35220;victoria_windsor3936@corti.com;;06 89 87 99 68;07 54 79 32 36;07 69 78 67 84;;;-1.3718972;48.0952976;Oui;S
25/09/2021 06:35;Actif;1;611363K;M.;VALLINS;CEDRICK;11/28/1943;FR;Homme;335073;LES ARCHERS DE LIFFRE;LIFFRE;35000;COMITE DEPARTEMENTAL ILLE ET VILAINE;CR03;COMITE REGIONAL DE BRETAGNE;FFTA;2022;;38,75;Non;Non;Assurance;ASSUR;;;J;Jeune;;RENOUVELLEMENT;LIC;Licences;0000002477.21.22.007;01/09/2021;01/10/2021;Paye;25/09/2021;31/08/2022;25/09/2021;25/09/2021;26/09/2021;Editee;Aucun;B;Benjamin;Arc Classique;;;;;;25/09/2021;Non contre ind. compétition;;;;;17 RUE NATIONALE;;35133;ROMAGNÉ;FRANCE;35133;cedrick_vallins9934@gembat.biz;;07 13 93 27 90;07 49 99 18 14;;;;-1.28495001793;48.3364982605;Oui;S
25/09/2021 06:38;Actif;1;882308W;Mme;COLLINGWOOD;MELODY;11/28/1943;FR;Femme;335073;LES ARCHERS DE LIFFRE;LIFFRE;35000;COMITE DEPARTEMENTAL ILLE ET VILAINE;CR03;COMITE REGIONAL DE BRETAGNE;FFTA;2022;;38,75;Non;Non;Assurance;ASSUR;;;J;Jeune;;RENOUVELLEMENT;LIC;Licences;0000002477.21.22.007;01/09/2021;01/10/2021;Paye;25/09/2021;31/08/2022;25/09/2021;25/09/2021;26/09/2021;Editee;Aucun;M;Minime;Arc Classique;;;;;;25/09/2021;Non contre ind. compétition;;;;;;6 LE BOURG;35120;SAINT-MARCAN;FRANCE;35120;melody_collingwood9609@mafthy.com;melody_collingwood9609@mafthy.com;06 33 50 23 82;06 21 31 64 28;07 74 34 92 65;;;-1.63366401196;48.5879859924;Oui;S
25/09/2021 06:42;Actif;1;219938U;M.;ADDISON;DARON;02/18/2005;FR;Homme;335073;LES ARCHERS DE LIFFRE;LIFFRE;35000;COMITE DEPARTEMENTAL ILLE ET VILAINE;CR03;COMITE REGIONAL DE BRETAGNE;FFTA;2022;;38,75;Non;Non;Assurance;ASSUR;;;J;Jeune;;RENOUVELLEMENT;LIC;Licences;0000002477.21.22.007;01/09/2021;01/10/2021;Paye;25/09/2021;31/08/2022;25/09/2021;25/09/2021;26/09/2021;Editee;Aucun;M;Minime;Arc Classique;;;;;;25/09/2021;Non contre ind. compétition;;;;;4 PLACE DES MARCHES-DE-BRETAGNE;;35420;MELLÉ;FRANCE;35420;daron_addison1380@twace.org;;06 30 57 67 77;07 74 76 68 43;07 70 92 37 66;;;-1.24063003063;48.4743003845;Oui;S
25/09/2021 07:13;Actif;1;182588Z;M.;VAUGHN;BRYON;03/28/2009;FR;Homme;335073;LES ARCHERS DE LIFFRE;LIFFRE;35000;COMITE DEPARTEMENTAL ILLE ET VILAINE;CR03;COMITE REGIONAL DE BRETAGNE;FFTA;2022;;38,75;Non;Non;Assurance;ASSUR;;;J;Jeune;;RENOUVELLEMENT;LIC;Licences;0000002477.21.22.007;01/09/2021;01/10/2021;Paye;25/09/2021;31/08/2022;25/09/2021;25/09/2021;26/09/2021;Editee;Aucun;M;Minime;Arc Classique;;;;;;25/09/2021;Non contre ind. compétition;;;;;29 RUE SAINT-MARTIN;;35320;SAULNIÈRES;FRANCE;35320;bryon_vaughn5555@deavo.com;;07 40 12 72 69;06 80 80 90 86;;;;-1.5845057;47.9146214;Oui;S
30/09/2021 08:30;Actif;1;873745E;M.;PARKER;NICHOLAS;03/28/2009;FR;Homme;335073;LES ARCHERS DE LIFFRE;LIFFRE;35000;COMITE DEPARTEMENTAL ILLE ET VILAINE;CR03;COMITE REGIONAL DE BRETAGNE;FFTA;2022;;68,75;Non;Non;Assurance;ASSUR;;;A;ADULTE Pratique en compétition;;RENOUVELLEMENT;LIC;Licences;0000002477.21.22.007;01/09/2021;01/10/2021;Paye;30/09/2021;31/08/2022;30/09/2021;30/09/2021;01/10/2021;Editee;Aucun;S3;Sénior 3;Arc à Poulies,Arc Classique,Arc Droit;;;;;;30/09/2021;Non contre ind. compétition;;;;;17 RUE DE LA FORÊT;;35370;MONDEVERT;FRANCE;35370;nicholas_parker7801@supunk.biz;nicholas_parker7801@supunk.biz;06 57 62 54 51;06 56 18 43 44;;06 83 39 31 63;;-1.09729003906;48.0830001831;Oui;L
04/10/2021 10:19;Actif;1;672973P;Mme;INGHAM;MADELYN;04/24/2000;FR;Femme;335073;LES ARCHERS DE LIFFRE;LIFFRE;35000;COMITE DEPARTEMENTAL ILLE ET VILAINE;CR03;COMITE REGIONAL DE BRETAGNE;FFTA;2022;;68,75;Non;Non;Assurance;ASSUR;;;A;ADULTE Pratique en compétition;;RENOUVELLEMENT;LIC;Licences;0000002477.21.22.008;01/10/2021;01/11/2021;Paye;04/10/2021;31/08/2022;04/10/2021;04/10/2021;05/10/2021;Editee;Aucun;S1;Sénior 1;Arc à Poulies;;;;;;09/09/2019;Non contre ind. compétition;;;;;;6 RUE DE LA MAIRIE;35380;SAINT-PÉRAN;FRANCE;35380;madelyn_ingham8256@supunk.biz;;06 64 29 92 15;07 85 43 36 16;07 28 24 84 10;;;-2.01173996925;48.0377998352;Oui;S
04/10/2021 04:40;Actif;1;854817G;Mme;KNIGHT;JAZMIN;04/24/2000;FR;Femme;335073;LES ARCHERS DE LIFFRE;LIFFRE;35000;COMITE DEPARTEMENTAL ILLE ET VILAINE;CR03;COMITE REGIONAL DE BRETAGNE;FFTA;2022;;68,75;Non;Non;Assurance;ASSUR;;;A;ADULTE Pratique en compétition;;RENOUVELLEMENT;LIC;Licences;0000002477.21.22.008;01/10/2021;01/11/2021;Paye;04/10/2021;31/08/2022;04/10/2021;04/10/2021;07/10/2021;Editee;Aucun;S2;Sénior 2;Arc Droit;;;;;;09/09/2021;Non contre ind. compétition;;;;;30 RUE DE LA POSTE;;35550;LOHÉAC;FRANCE;35550;jazmin_knight4152@nanoff.biz;;06 88 59 31 25;06 43 92 89 53;07 61 62 52 75;;;-1.8851435;47.8668527;Non;S
05/10/2021 07:19;Actif;1;410827N;M.;GRAY;LUCAS;05/23/1947;FR;Homme;335073;LES ARCHERS DE LIFFRE;LIFFRE;35000;COMITE DEPARTEMENTAL ILLE ET VILAINE;CR03;COMITE REGIONAL DE BRETAGNE;FFTA;2022;;68,75;Non;Non;Assurance;ASSUR;;;A;ADULTE Pratique en compétition;;RENOUVELLEMENT;LIC;Licences;0000002477.21.22.008;01/10/2021;01/11/2021;Paye;05/10/2021;31/08/2022;05/10/2021;05/10/2021;06/10/2021;Editee;Aucun;S2;Sénior 2;Arc Classique;;;;;;29/09/2021;Non contre ind. compétition;;;;;3 RUE DE LA TOUCHEMULON;;35630;SAINT-GONDRAN;FRANCE;35630;lucas_gray2410@atink.com;lucas_gray2410@atink.com;06 12 14 95 83;07 55 17 96 23;;06 11 31 58 83;;-1.8360710144;48.2673568726;Oui;M
07/10/2021 09:20;Actif;1;465385D;M.;ALLINGTON;JULIAN;03/23/1972;FR;Homme;335073;LES ARCHERS DE LIFFRE;LIFFRE;35000;COMITE DEPARTEMENTAL ILLE ET VILAINE;CR03;COMITE REGIONAL DE BRETAGNE;FFTA;2022;;38,75;Non;Non;Assurance;ASSUR;;;J;Jeune;;RENOUVELLEMENT;LIC;Licences;0000002477.21.22.008;01/10/2021;01/11/2021;Paye;07/10/2021;31/08/2022;07/10/2021;07/10/2021;08/10/2021;Editee;Aucun;J;Junior;Arc Classique;;;;;;27/09/2021;Non contre ind. compétition;;;;;;5 RUE DU DOCTEUR-BERTIN;35460;TREMBLAY;FRANCE;35460;julian_allington5564@dionrab.com;;06 35 58 52 34;06 43 23 74 65;;07 26 52 21 40;;-1.47658002377;48.4238014221;Oui;M
07/10/2021 09:27;Actif;1;510952V;Mme;STEWART;AILEEN;08/26/1994;FR;Femme;335073;LES ARCHERS DE LIFFRE;LIFFRE;35000;COMITE DEPARTEMENTAL ILLE ET VILAINE;CR03;COMITE REGIONAL DE BRETAGNE;FFTA;2022;;38,75;Non;Non;Assurance;ASSUR;;;J;Jeune;;RENOUVELLEMENT;LIC;Licences;0000002477.21.22.008;01/10/2021;01/11/2021;Paye;07/10/2021;31/08/2022;07/10/2021;07/10/2021;08/10/2021;Editee;Aucun;C;Cadet;Arc Classique;;;;;;07/10/2021;Non contre ind. compétition;;;;;6 RUE DES PLANCHES;;35320;LE PETIT-FOUGERAY;FRANCE;35320;aileen_stewart3013@irrepsy.com;aileen_stewart3013@irrepsy.com;07 49 73 30 78;06 70 42 75 88;;;;-1.60824298859;47.9274520874;Oui;L
07/10/2021 09:37;Actif;1;575424O;M.;EATON;HANK;07/22/1990;FR;Homme;335073;LES ARCHERS DE LIFFRE;LIFFRE;35000;COMITE DEPARTEMENTAL ILLE ET VILAINE;CR03;COMITE REGIONAL DE BRETAGNE;FFTA;2022;;68,75;Non;Non;Assurance;ASSUR;;;A;ADULTE Pratique en compétition;;RENOUVELLEMENT;LIC;Licences;0000002477.21.22.008;01/10/2021;01/11/2021;Paye;07/10/2021;31/08/2022;07/10/2021;07/10/2021;07/11/2021;Editee;Aucun;S2;Sénior 2;Arc à Poulies;;;;;;30/09/2021;Non contre ind. compétition;;;;;6 RUE DES HORTENSIAS;;35320;LALLEU;FRANCE;35320;hank_eaton6796@acrit.org;hank_eaton6796@acrit.org;06 65 73 17 16;06 24 64 68 33;;07 11 97 54 23;;-1.510827;47.85608;Oui;L
07/10/2021 09:48;Actif;1;441139H;Mme;DOUGLAS;MELINDA;08/31/1996;FR;Femme;335073;LES ARCHERS DE LIFFRE;LIFFRE;35000;COMITE DEPARTEMENTAL ILLE ET VILAINE;CR03;COMITE REGIONAL DE BRETAGNE;FFTA;2022;;29,75;Non;Non;Assurance;ASSUR;;;P;Poussin;;CREATION;LIC;Licences;0000002477.21.22.008;01/10/2021;01/11/2021;Paye;07/10/2021;31/08/2022;07/10/2021;07/10/2021;08/10/2021;Editee;Aucun;P;Poussin;Arc Classique;;;;;;07/10/2021;Non contre ind. compétition;;;;;10 RUE DE LA MAIRIE;;35120;ÉPINIAC;FRANCE;35120;melinda_douglas141@sveldo.biz;;06 31 32 31 47;07 44 86 89 25;;07 45 97 98 32;;-1.6978329;48.510286;Oui;
10/10/2021 08:46;Actif;1;795793M;Mme;CRAIG;CAROLYN;08/31/1996;FR;Femme;335073;LES ARCHERS DE LIFFRE;LIFFRE;35000;COMITE DEPARTEMENTAL ILLE ET VILAINE;CR03;COMITE REGIONAL DE BRETAGNE;FFTA;2022;;68,75;Non;Non;Assurance;ASSUR;;;A;ADULTE Pratique en compétition;;RENOUVELLEMENT;LIC;Licences;0000002477.21.22.008;01/10/2021;01/11/2021;Paye;10/10/2021;31/08/2022;10/10/2021;10/10/2021;11/10/2021;Editee;Aucun;S1;Sénior 1;Arc Classique;;;;;;14/09/2021;Non contre ind. compétition;;;;;7 PLACE DE LA MAIRIE;;35630;HÉDÉ-BAZOUGES;FRANCE;35630;carolyn_craig5808@guentu.biz;carolyn_craig5808@guentu.biz;07 42 29 38 59;07 73 38 68 63;;06 85 91 43 76;;-1.802047;48.295423;Oui;M
10/10/2021 08:51;Actif;1;119756T;Mme;MCNEILL;ROBYN;08/31/1996;FR;Femme;335073;LES ARCHERS DE LIFFRE;LIFFRE;35000;COMITE DEPARTEMENTAL ILLE ET VILAINE;CR03;COMITE REGIONAL DE BRETAGNE;FFTA;2022;;38,75;Non;Non;Assurance;ASSUR;;;J;Jeune;;CREATION;LIC;Licences;0000002477.21.22.008;01/10/2021;01/11/2021;Paye;10/10/2021;31/08/2022;10/10/2021;10/10/2021;11/10/2021;Editee;Aucun;M;Minime;Arc Classique;;;;;;10/10/2021;Non contre ind. compétition;;;;;;5 LE BOURG;35610;SAINT-GEORGES-DE-GRÉHAIGNE;FRANCE;35610;robyn_mcneill9107@gmail.com;robyn_mcneill9107@gmail.com;06 24 99 63 79;07 97 77 18 42;;;;-1.54875419999996;48.5683749;Oui;
10/10/2021 08:57;Actif;1;864716P;Mme;LEIGH;ANGELINA;11/21/1960;FR;Femme;335073;LES ARCHERS DE LIFFRE;LIFFRE;35000;COMITE DEPARTEMENTAL ILLE ET VILAINE;CR03;COMITE REGIONAL DE BRETAGNE;FFTA;2022;;29,75;Non;Non;Assurance;ASSUR;;;P;Poussin;;CREATION;LIC;Licences;0000002477.21.22.008;01/10/2021;01/11/2021;Paye;10/10/2021;31/08/2022;10/10/2021;10/10/2021;11/10/2021;Editee;Aucun;P;Poussin;Arc Classique;;;;;;10/10/2021;Non contre ind. compétition;;;;;4 AVENUE DE L'ARDENNE;;35130;RANNÉE;FRANCE;35130;angelina_leigh3557@nickia.com;;07 26 78 33 38;07 27 94 28 55;;07 49 92 64 86;;-1.24125003815;47.9235992432;Oui;
10/10/2021 09:01;Actif;1;398129J;M.;WILKINSON;MAXWELL;11/21/1960;FR;Homme;335073;LES ARCHERS DE LIFFRE;LIFFRE;35000;COMITE DEPARTEMENTAL ILLE ET VILAINE;CR03;COMITE REGIONAL DE BRETAGNE;FFTA;2022;;38,75;Non;Non;Assurance;ASSUR;;;J;Jeune;;CREATION;LIC;Licences;0000002477.21.22.008;01/10/2021;01/11/2021;Paye;10/10/2021;31/08/2022;10/10/2021;10/10/2021;11/10/2021;Editee;Aucun;C;Cadet;Arc Classique;;;;;;10/10/2021;Non contre ind. compétition;;;;;1 PIERRE-ET-MARIE-CURIE;;35130;ARBRISSEL;FRANCE;35130;maxwell_wilkinson4027@extex.org;maxwell_wilkinson4027@extex.org;07 56 15 43 42;07 22 18 70 33;;06 44 89 75 23;;-1.30384194851;47.9271850586;Oui;
10/10/2021 09:08;Actif;1;111549G;Mme;BAYLISS;MICHELLE;12/15/1974;FR;Femme;335073;LES ARCHERS DE LIFFRE;LIFFRE;35000;COMITE DEPARTEMENTAL ILLE ET VILAINE;CR03;COMITE REGIONAL DE BRETAGNE;FFTA;2022;;38,75;Non;Non;Assurance;ASSUR;;;J;Jeune;;CREATION;LIC;Licences;0000002477.21.22.008;01/10/2021;01/11/2021;Paye;10/10/2021;31/08/2022;10/10/2021;10/10/2021;11/10/2021;Editee;Aucun;C;Cadet;Arc Classique;;;;;;10/10/2021;Non contre ind. compétition;;;;;1 PLACE DE L'ÉGLISE-NOTRE-DAME;;35490;CHAUVIGNÉ;FRANCE;35490;michelle_bayliss4150@grannar.com;;07 96 42 57 46;06 32 53 12 48;;;;-1.4616194;48.3765573;Oui;
10/10/2021 09:11;Actif;1;187510C;M.;OLSON;BART;02/18/1968;FR;Homme;335073;LES ARCHERS DE LIFFRE;LIFFRE;35000;COMITE DEPARTEMENTAL ILLE ET VILAINE;CR03;COMITE REGIONAL DE BRETAGNE;FFTA;2022;;38,75;Non;Non;Assurance;ASSUR;;;J;Jeune;;CREATION;LIC;Licences;0000002477.21.22.008;01/10/2021;01/11/2021;Paye;10/10/2021;31/08/2022;10/10/2021;10/10/2021;11/10/2021;Editee;Aucun;M;Minime;Arc Classique;;;;;;10/10/2021;Non contre ind. compétition;;;;;8 RUE DE RENNES;;35746;VEZIN-LE-COQUET CEDEX;FRANCE;35746;bart_olson643@bungar.biz;bart_olson643@bungar.biz;06 16 15 42 53;07 64 35 21 61;07 25 36 11 77;;;-1.7553403;48.1191835;Oui;
10/10/2021 09:15;Actif;1;387492A;Mme;VEALE;ROSALEE;12/15/1974;FR;Femme;335073;LES ARCHERS DE LIFFRE;LIFFRE;35000;COMITE DEPARTEMENTAL ILLE ET VILAINE;CR03;COMITE REGIONAL DE BRETAGNE;FFTA;2022;;38,75;Non;Non;Assurance;ASSUR;;;J;Jeune;;CREATION;LIC;Licences;0000002477.21.22.008;01/10/2021;01/11/2021;Paye;10/10/2021;31/08/2022;10/10/2021;10/10/2021;11/10/2021;Editee;Aucun;M;Minime;Arc Classique;;;;;;10/10/2021;Non contre ind. compétition;;;;;RUE DE LA HALTE;;35890;LAILLÉ;FRANCE;35890;rosalee_veale246@muall.tech;;06 86 85 42 20;07 99 84 57 37;;;;-1.7261459;47.9794217;Oui;
10/10/2021 09:21;Actif;1;844576I;M.;TRENT;ABDUL;12/13/1943;FR;Homme;335073;LES ARCHERS DE LIFFRE;LIFFRE;35000;COMITE DEPARTEMENTAL ILLE ET VILAINE;CR03;COMITE REGIONAL DE BRETAGNE;FFTA;2022;;60,75;Non;Non;Assurance;ASSUR;;;L;ADULTE Pratique en club;;CREATION;LIC;Licences;0000002477.21.22.008;01/10/2021;01/11/2021;Paye;10/10/2021;31/08/2022;10/10/2021;10/10/2021;11/10/2021;Editee;Aucun;S1;Sénior 1;Arc Classique;;27/08/2021;Non contre indication Pratique;Dr Amandine Guillin;35100054;;;;;;;LE BAILLAGE;;35540;LE TRONCHET;FRANCE;35540;abdul_trent9355@typill.biz;;07 89 66 67 33;06 88 49 64 53;07 45 97 68 92;;;-1.8374890089;48.4862632751;Oui;
10/10/2021 09:30;Actif;1;741342E;Mme;JEFFERSON;VERA;12/13/1943;FR;Femme;335073;LES ARCHERS DE LIFFRE;LIFFRE;35000;COMITE DEPARTEMENTAL ILLE ET VILAINE;CR03;COMITE REGIONAL DE BRETAGNE;FFTA;2022;;29,75;Non;Non;Assurance;ASSUR;;;P;Poussin;;CREATION;LIC;Licences;0000002477.21.22.008;01/10/2021;01/11/2021;Paye;10/10/2021;31/08/2022;10/10/2021;10/10/2021;11/10/2021;Editee;Aucun;P;Poussin;Arc Classique;;;;;;10/10/2021;Non contre ind. compétition;;;;;2 RUE DU GÉNÉRAL-DE-GAULLE;;35140;SAINT-OUEN-DES-ALLEUX;FRANCE;35140;vera_jefferson399@ovock.tech;vera_jefferson399@ovock.tech;06 34 50 48 53;06 99 68 28 65;;;;-1.42492997646;48.3287010193;Oui;
10/10/2021 09:43;Actif;1;420232B;Mme;RIPLEY;SHELBY;12/13/1943;FR;Femme;335073;LES ARCHERS DE LIFFRE;LIFFRE;35000;COMITE DEPARTEMENTAL ILLE ET VILAINE;CR03;COMITE REGIONAL DE BRETAGNE;FFTA;2022;;38,75;Non;Non;Assurance;ASSUR;;;J;Jeune;;CREATION;LIC;Licences;0000002477.21.22.008;01/10/2021;01/11/2021;Paye;10/10/2021;31/08/2022;10/10/2021;10/10/2021;11/10/2021;Editee;Aucun;B;Benjamin;Arc Classique;;;;;;10/10/2021;Non contre ind. compétition;;;;;;6 RUE VICTOR-HUGO;35133;LANDÉAN;FRANCE;35133;shelby_ripley8744@womeona.net;shelby_ripley8744@womeona.net;06 48 49 20 71;06 30 87 56 79;06 98 14 35 14;06 36 52 87 36;;-1.15206003189;48.4143981934;Oui;
10/10/2021 10:01;Actif;1;194378T;M.;WARDEN;CARL;12/13/1943;FR;Homme;335073;LES ARCHERS DE LIFFRE;LIFFRE;35000;COMITE DEPARTEMENTAL ILLE ET VILAINE;CR03;COMITE REGIONAL DE BRETAGNE;FFTA;2022;;68,75;Non;Non;Assurance;ASSUR;;;A;ADULTE Pratique en compétition;;CREATION;LIC;Licences;0000002477.21.22.008;01/10/2021;01/11/2021;Paye;10/10/2021;31/08/2022;10/10/2021;10/10/2021;11/10/2021;Editee;Aucun;S1;Sénior 1;Arc Classique;;;;;;23/09/2021;Non contre ind. compétition;;;;;9 RUE DE LA MAIRIE;;35210;DOMPIERRE-DU-CHEMIN;FRANCE;35210;carl_warden5949@vetan.org;carl_warden5949@vetan.org;06 28 71 60 51;07 81 58 19 93;06 15 92 98 70;06 73 92 40 86;;-1.14543998241;48.2666015625;Oui;
10/10/2021 10:11;Actif;1;330124R;M.;INGHAM;DENIS;05/24/1963;FR;Homme;335073;LES ARCHERS DE LIFFRE;LIFFRE;35000;COMITE DEPARTEMENTAL ILLE ET VILAINE;CR03;COMITE REGIONAL DE BRETAGNE;FFTA;2022;;38,75;Non;Non;Assurance;ASSUR;;;J;Jeune;;CREATION;LIC;Licences;0000002477.21.22.008;01/10/2021;01/11/2021;Paye;10/10/2021;31/08/2022;10/10/2021;10/10/2021;11/10/2021;Editee;Aucun;B;Benjamin;Arc Classique;;;;;;10/10/2021;Non contre ind. compétition;;;;;PLACE JANE-BEUSNEL;;35760;MONTGERMONT;FRANCE;35760;denis_ingham1536@eirey.tech;denis_ingham1536@eirey.tech;07 20 27 24 95;07 70 84 47 71;06 54 67 54 61;06 44 84 57 82;;-1.71586000919;48.1553993225;Oui;
10/10/2021 10:28;Actif;1;894450L;Mme;ANDREWS;ANDREA;07/16/1980;FR;Femme;335073;LES ARCHERS DE LIFFRE;LIFFRE;35000;COMITE DEPARTEMENTAL ILLE ET VILAINE;CR03;COMITE REGIONAL DE BRETAGNE;FFTA;2022;;68,75;Non;Non;Assurance;ASSUR;;;A;ADULTE Pratique en compétition;;RENOUVELLEMENT;LIC;Licences;0000002477.21.22.008;01/10/2021;01/11/2021;Paye;10/10/2021;31/08/2022;10/10/2021;10/10/2021;11/10/2021;Editee;Aucun;S1;Sénior 1;Arc Classique;;;;;;27/09/2021;Non contre ind. compétition;;;;;2 PLACE DE L'ÉGLISE;;35240;LE THEIL-DE-BRETAGNE;FRANCE;35240;andrea_andrews7489@muall.tech;;06 52 38 79 92;07 69 36 89 51;06 94 35 84 97;;;-1.42838;47.9197006;Oui;
10/10/2021 10:36;Actif;1;123116J;M.;PENN;NOAH;02/21/2008;FR;Homme;335073;LES ARCHERS DE LIFFRE;LIFFRE;35000;COMITE DEPARTEMENTAL ILLE ET VILAINE;CR03;COMITE REGIONAL DE BRETAGNE;FFTA;2022;;38,75;Non;Non;Assurance;ASSUR;;;J;Jeune;;CREATION;LIC;Licences;0000002477.21.22.008;01/10/2021;01/11/2021;Paye;10/10/2021;31/08/2022;10/10/2021;10/10/2021;11/10/2021;Editee;Aucun;B;Benjamin;Arc Classique;;;;;;12/09/2021;Non contre ind. compétition;;;;;1 RUE DE MACÉRIA;;35520;LA MÉZIÈRE;FRANCE;35520;noah_penn7488@corti.com;noah_penn7488@corti.com;06 48 19 50 59;06 25 97 32 12;;07 33 65 90 64;;-1.75224995613;48.21849823;Non;
12/10/2021 07:17;Actif;1;166913M;M.;READING;CARL;02/21/2008;FR;Homme;335073;LES ARCHERS DE LIFFRE;LIFFRE;35000;COMITE DEPARTEMENTAL ILLE ET VILAINE;CR03;COMITE REGIONAL DE BRETAGNE;FFTA;2022;;38,75;Non;Non;Assurance;ASSUR;;;J;Jeune;;CREATION;LIC;Licences;0000002477.21.22.008;01/10/2021;01/11/2021;Paye;12/10/2021;31/08/2022;12/10/2021;12/10/2021;13/10/2021;Editee;Aucun;M;Minime;Arc Classique;;;;;;06/10/2021;Non contre ind. compétition;;;;;2 RUE DE BRUZ;;35310;BRÉAL-SOUS-MONTFORT;FRANCE;35310;carl_reading7185@gembat.biz;carl_reading7185@gembat.biz;06 17 40 23 81;06 65 16 81 70;;;;-1.8647544;48.0483933;Oui;
12/10/2021 07:29;Actif;1;934027R;Mme;LINDSAY;ROSA;02/21/2008;FR;Femme;335073;LES ARCHERS DE LIFFRE;LIFFRE;35000;COMITE DEPARTEMENTAL ILLE ET VILAINE;CR03;COMITE REGIONAL DE BRETAGNE;FFTA;2022;;68,75;Non;Non;Assurance;ASSUR;;;A;ADULTE Pratique en compétition;;RENOUVELLEMENT;LIC;Licences;0000002477.21.22.008;01/10/2021;01/11/2021;Paye;12/10/2021;31/08/2022;12/10/2021;12/10/2021;13/10/2021;Editee;Aucun;S3;Sénior 3;Arc à Poulies,Arc Classique;;;;;;22/09/2021;Non contre ind. compétition;;;;;2 RUE DE RENNES;;35137;BÉDÉE;FRANCE;35137;rosa_lindsay6306@joiniaa.com;;07 35 57 75 49;06 53 62 59 93;06 34 87 33 45;06 15 70 48 84;;-1.93766999245;48.1800003052;Oui;L
12/10/2021 10:06;Actif;1;797113A;M.;DANIELLS;JOHNATHAN;01/19/1986;FR;Homme;335073;LES ARCHERS DE LIFFRE;LIFFRE;35000;COMITE DEPARTEMENTAL ILLE ET VILAINE;CR03;COMITE REGIONAL DE BRETAGNE;FFTA;2022;;38,75;Non;Non;Assurance;ASSUR;;;J;Jeune;;CREATION;LIC;Licences;0000002477.21.22.008;01/10/2021;01/11/2021;Paye;12/10/2021;31/08/2022;12/10/2021;12/10/2021;13/10/2021;Editee;Aucun;B;Benjamin;Arc Classique;;;;;;12/10/2021;Non contre ind. compétition;;;;;HÔTEL DE VILLE;;35410;CHÂTEAUGIRON;FRANCE;35410;johnathan_daniells9598@mafthy.com;;06 13 17 85 83;06 42 22 86 62;06 41 31 86 74;;;-1.50176000595;48.0495567322;Oui;
12/10/2021 10:27;Actif;1;433823T;M.;PRICE;FRED;11/18/1967;FR;Homme;335073;LES ARCHERS DE LIFFRE;LIFFRE;35000;COMITE DEPARTEMENTAL ILLE ET VILAINE;CR03;COMITE REGIONAL DE BRETAGNE;FFTA;2022;;68,75;Non;Non;Assurance;ASSUR;;;A;ADULTE Pratique en compétition;;RENOUVELLEMENT;LIC;Licences;0000002477.21.22.008;01/10/2021;01/11/2021;Paye;12/10/2021;31/08/2022;12/10/2021;12/10/2021;13/10/2021;Editee;Aucun;S2;Sénior 2;Arc Classique;;;;;;30/08/2021;Non contre ind. compétition;;;;;2 RUE ABBÉ-LÉONARD;;35133;LE CHÂTELLIER;FRANCE;35133;fred_price7224@sheye.org;fred_price7224@sheye.org;06 92 14 61 27;06 47 82 68 35;;;;-1.25449500000002;48.415797;Non;S
12/10/2021 10:38;Actif;1;588616V;M.;MARSHALL;FRED;11/18/1967;FR;Homme;335073;LES ARCHERS DE LIFFRE;LIFFRE;35000;COMITE DEPARTEMENTAL ILLE ET VILAINE;CR03;COMITE REGIONAL DE BRETAGNE;FFTA;2022;;68,75;Non;Non;Assurance;ASSUR;;;A;ADULTE Pratique en compétition;;RENOUVELLEMENT;LIC;Licences;0000002477.21.22.008;01/10/2021;01/11/2021;Paye;12/10/2021;31/08/2022;12/10/2021;12/10/2021;13/10/2021;Editee;Aucun;S2;Sénior 2;Arc Classique;;;;;;23/09/2021;Non contre ind. compétition;;;;;4 RUE DE LA MAIRIE;;35120;ROZ-LANDRIEUX;FRANCE;35120;fred_marshall8609@atink.com;fred_marshall8609@atink.com;07 67 40 58 35;06 70 83 99 18;06 52 19 75 74;;;-1.75302004814;48.5495986938;Oui;L
12/10/2021 10:50;Actif;1;892826Z;M.;STEVENSON;TONY;03/24/1951;FR;Homme;335073;LES ARCHERS DE LIFFRE;LIFFRE;35000;COMITE DEPARTEMENTAL ILLE ET VILAINE;CR03;COMITE REGIONAL DE BRETAGNE;FFTA;2022;;29,75;Non;Non;Assurance;ASSUR;;;P;Poussin;;CREATION;LIC;Licences;0000002477.21.22.008;01/10/2021;01/11/2021;Paye;12/10/2021;31/08/2022;12/10/2021;12/10/2021;13/10/2021;Editee;Aucun;P;Poussin;Arc Classique;;;;;;09/09/2021;Non contre ind. compétition;;;;;11 RUE DES MARAIS;;35270;SAINT-LÉGER-DES-PRÉS;FRANCE;35270;tony_stevenson9390@bungar.biz;;07 61 91 16 85;06 39 69 22 37;07 98 48 39 12;;;-1.648593;48.39434;Non;
12/10/2021 11:10;Actif;1;611739J;Mme;JENNSON;SHAY;07/21/2008;FR;Femme;335073;LES ARCHERS DE LIFFRE;LIFFRE;35000;COMITE DEPARTEMENTAL ILLE ET VILAINE;CR03;COMITE REGIONAL DE BRETAGNE;FFTA;2022;;38,75;Non;Non;Assurance;ASSUR;;;J;Jeune;;CREATION;LIC;Licences;0000002477.21.22.008;01/10/2021;01/11/2021;Paye;12/10/2021;31/08/2022;12/10/2021;12/10/2021;13/10/2021;Editee;Aucun;C;Cadet;Arc Classique;;;;;;12/10/2021;Non contre ind. compétition;;;;;5 PLACE DU CALVAIRE;;35720;LANHÉLIN;FRANCE;35720;shay_jennson3838@zorer.org;shay_jennson3838@zorer.org;07 84 59 82 70;06 21 46 40 93;07 41 60 15 58;;;-1.828738;48.454954;Oui;
12/10/2021 11:26;Actif;1;764932F;M.;RUSSEL;JOHN;08/16/1968;FR;Homme;335073;LES ARCHERS DE LIFFRE;LIFFRE;35000;COMITE DEPARTEMENTAL ILLE ET VILAINE;CR03;COMITE REGIONAL DE BRETAGNE;FFTA;2022;;68,75;Non;Non;Assurance;ASSUR;;;A;ADULTE Pratique en compétition;;CREATION;LIC;Licences;0000002477.21.22.008;01/10/2021;01/11/2021;Paye;12/10/2021;31/08/2022;12/10/2021;12/10/2021;13/10/2021;Editee;Aucun;S1;Sénior 1;Arc Classique;;;;;;05/10/2021;Non contre ind. compétition;;;;;1 PLACE DE L'ÉGLISE;;35390;SAINTE-ANNE-SUR-VILAINE;FRANCE;35390;john_russel3340@gmail.com;;07 93 49 23 24;06 23 18 98 73;07 69 87 85 30;;;-1.824916;47.730154;Oui;
12/10/2021 11:36;Actif;1;645163K;M.;PALMER;CARL;05/13/1967;FR;Homme;335073;LES ARCHERS DE LIFFRE;LIFFRE;35000;COMITE DEPARTEMENTAL ILLE ET VILAINE;CR03;COMITE REGIONAL DE BRETAGNE;FFTA;2022;;68,75;Non;Non;Assurance;ASSUR;;;A;ADULTE Pratique en compétition;;RENOUVELLEMENT;LIC;Licences;0000002477.21.22.008;01/10/2021;01/11/2021;Paye;12/10/2021;31/08/2022;12/10/2021;12/10/2021;13/10/2021;Editee;Aucun;S1;Sénior 1;Arc Classique;;;;;;27/09/2021;Non contre ind. compétition;;;;;37 RUE DE LA MAIRIE;;35330;LA CHAPELLE-BOUËXIC;FRANCE;35330;carl_palmer756@deons.tech;;06 18 94 88 98;07 11 46 66 97;;;;-1.89225995541;47.8856010437;Oui;L
12/10/2021 11:39;Actif;1;549337W;M.;JUDD;MARK;05/13/1967;FR;Homme;335073;LES ARCHERS DE LIFFRE;LIFFRE;35000;COMITE DEPARTEMENTAL ILLE ET VILAINE;CR03;COMITE REGIONAL DE BRETAGNE;FFTA;2022;;68,75;Non;Non;Assurance;ASSUR;;;A;ADULTE Pratique en compétition;;RENOUVELLEMENT;LIC;Licences;0000002477.21.22.008;01/10/2021;01/11/2021;Paye;12/10/2021;31/08/2022;12/10/2021;12/10/2021;13/10/2021;Editee;Aucun;S1;Sénior 1;Arc Classique;;;;;;27/09/2021;Non contre ind. compétition;;;;;9 RUE DU SCHISTE-VIOLET;;35310;SAINT-THURIAL;FRANCE;35310;mark_judd646@deavo.com;mark_judd646@deavo.com;06 97 76 19 35;07 43 17 36 13;;07 32 22 39 82;;-1.9329199791;48.026599884;Non;L
13/10/2021 12:07;Actif;1;168490U;Mme;GUNN;SCARLETT;05/13/1967;FR;Femme;335073;LES ARCHERS DE LIFFRE;LIFFRE;35000;COMITE DEPARTEMENTAL ILLE ET VILAINE;CR03;COMITE REGIONAL DE BRETAGNE;FFTA;2022;;38,75;Non;Non;Assurance;ASSUR;;;J;Jeune;;CREATION;LIC;Licences;0000002477.21.22.008;01/10/2021;01/11/2021;Paye;13/10/2021;31/08/2022;13/10/2021;13/10/2021;14/10/2021;Editee;Aucun;B;Benjamin;Arc Classique;;;;;;13/10/2021;Non contre ind. compétition;;;;;;AVENUE BOUZENAC;34980;SAINT-CLÉMENT-DE-RIVIÈRE;FRANCE;34980;scarlett_gunn1231@nanoff.biz;;06 22 73 84 17;07 12 36 45 81;06 67 52 59 84;;;3.84493994713;43.6755981445;Oui;
13/10/2021 12:12;Actif;1;381686G;M.;JOHN;ANTHONY;05/13/1967;FR;Homme;335073;LES ARCHERS DE LIFFRE;LIFFRE;35000;COMITE DEPARTEMENTAL ILLE ET VILAINE;CR03;COMITE REGIONAL DE BRETAGNE;FFTA;2022;;38,75;Non;Non;Assurance;ASSUR;;;J;Jeune;;RENOUVELLEMENT;LIC;Licences;0000002477.21.22.008;01/10/2021;01/11/2021;Paye;13/10/2021;31/08/2022;13/10/2021;13/10/2021;14/10/2021;Editee;Aucun;C;Cadet;Arc Classique;;;;;;21/06/2021;Non contre ind. compétition;;;;;;PLACE DES DROITS-DE-L'HOMME;35230;SAINT-ERBLON;FRANCE;35230;anthony_john2977@kideod.biz;anthony_john2977@kideod.biz;07 33 53 72 15;06 99 60 62 83;;;;-1.651392;48.018007;Oui;M
13/10/2021 12:25;Actif;1;144909Z;M.;MCGREGOR;KIETH;09/18/1996;FR;Homme;335073;LES ARCHERS DE LIFFRE;LIFFRE;35000;COMITE DEPARTEMENTAL ILLE ET VILAINE;CR03;COMITE REGIONAL DE BRETAGNE;FFTA;2022;;68,75;Non;Non;Assurance;ASSUR;;;A;ADULTE Pratique en compétition;;CREATION;LIC;Licences;0000002477.21.22.008;01/10/2021;01/11/2021;Paye;13/10/2021;31/08/2022;13/10/2021;13/10/2021;14/10/2021;Editee;Aucun;S1;Sénior 1;Arc Classique;;;;;;10/09/2021;Non contre ind. compétition;;;;;11 RUE DE LA MAIRIE;;35190;TRIMER;FRANCE;35190;kieth_mcgregor2986@tonsy.org;kieth_mcgregor2986@tonsy.org;06 51 72 76 60;07 36 41 34 80;07 34 97 55 89;;;-1.9040711;48.3971586;Oui;
13/10/2021 12:35;Actif;1;151406H;Mme;DOBSON;ADELINE;08/23/2009;FR;Femme;335073;LES ARCHERS DE LIFFRE;LIFFRE;35000;COMITE DEPARTEMENTAL ILLE ET VILAINE;CR03;COMITE REGIONAL DE BRETAGNE;FFTA;2022;;60,75;Non;Non;Assurance;ASSUR;;;L;ADULTE Pratique en club;;RENOUVELLEMENT;LIC;Licences;0000002477.21.22.008;01/10/2021;01/11/2021;Paye;13/10/2021;31/08/2022;13/10/2021;13/10/2021;14/10/2021;Editee;Aucun;S2;Sénior 2;Arc Classique;;02/10/2019;Non contre indication Pratique;Dr CAROLE Ameline;35 1 08125 2;;;;;;;4 RUE JEAN-JOSEPH-CHEVREL;;35450;DOURDAIN;FRANCE;35450;adeline_dobson2685@tonsy.org;adeline_dobson2685@tonsy.org;07 44 91 91 83;07 84 83 52 44;06 91 54 82 25;;;-1.369693;48.193337;Oui;L
13/10/2021 06:40;Actif;1;798000P;M.;EMERSON;ROGER;09/18/1996;FR;Homme;335073;LES ARCHERS DE LIFFRE;LIFFRE;35000;COMITE DEPARTEMENTAL ILLE ET VILAINE;CR03;COMITE REGIONAL DE BRETAGNE;FFTA;2022;;60,75;Non;Non;Assurance;ASSUR;;;L;ADULTE Pratique en club;;CREATION;LIC;Licences;0000002477.21.22.008;01/10/2021;01/11/2021;Paye;13/10/2021;31/08/2022;13/10/2021;13/10/2021;14/10/2021;Editee;Aucun;S2;Sénior 2;Arc Classique;;06/10/2021;Non contre indication Pratique;Dr Renon;351044847;;;;;;;PLACE CHARLES-DE-GAULLE;;35831;BETTON CEDEX;FRANCE;35831;roger_emerson3533@brety.org;roger_emerson3533@brety.org;07 51 55 39 13;06 17 82 20 14;;07 43 68 53 90;;-1.639844;48.182901;Oui;
17/10/2021 02:49;Actif;1;273723U;M.;CHAPMAN;BRAD;04/29/1979;FR;Homme;335073;LES ARCHERS DE LIFFRE;LIFFRE;35000;COMITE DEPARTEMENTAL ILLE ET VILAINE;CR03;COMITE REGIONAL DE BRETAGNE;FFTA;2022;;68,75;Non;Non;Assurance;ASSUR;;;A;ADULTE Pratique en compétition;;RENOUVELLEMENT;LIC;Licences;0000002477.21.22.008;01/10/2021;01/11/2021;Paye;17/10/2021;31/08/2022;17/10/2021;17/10/2021;18/10/2021;Editee;Aucun;S1;Sénior 1;Arc Classique;;;;;;11/09/2021;Non contre ind. compétition;;;;;3 RUE DU TRAMWAY;;35330;BOVEL;FRANCE;35330;brad_chapman3430@typill.biz;brad_chapman3430@typill.biz;06 71 42 18 20;07 15 99 73 51;07 63 47 37 21;06 20 20 51 81;;-1.9771900177;47.9502944946;Non;S
17/10/2021 07:40;Actif;1;128468J;M.;CADMAN;MAXWELL;09/20/1946;FR;Homme;335073;LES ARCHERS DE LIFFRE;LIFFRE;35000;COMITE DEPARTEMENTAL ILLE ET VILAINE;CR03;COMITE REGIONAL DE BRETAGNE;FFTA;2022;;38,75;Non;Non;Assurance;ASSUR;;;J;Jeune;;RENOUVELLEMENT;LIC;Licences;0000002477.21.22.008;01/10/2021;01/11/2021;Paye;17/10/2021;31/08/2022;17/10/2021;17/10/2021;18/10/2021;Editee;Aucun;M;Minime;Arc Classique;;;;;;29/09/2021;Non contre ind. compétition;;;;;;2 RUE ANNE-DE-BRETAGNE;35390;LA DOMINELAIS;FRANCE;35390;maxwell_cadman1333@twace.org;maxwell_cadman1333@twace.org;07 59 96 47 10;06 82 24 43 86;07 45 19 67 95;;;-1.6879873;47.7621582;Non;S
17/10/2021 08:50;Actif;1;415354D;Mme;WATSON;RUBY;04/29/1979;FR;Femme;335073;LES ARCHERS DE LIFFRE;LIFFRE;35000;COMITE DEPARTEMENTAL ILLE ET VILAINE;CR03;COMITE REGIONAL DE BRETAGNE;FFTA;2022;;38,75;Non;Non;Assurance;ASSUR;;;J;Jeune;;CREATION;LIC;Licences;0000002477.21.22.008;01/10/2021;01/11/2021;Paye;17/10/2021;31/08/2022;17/10/2021;17/10/2021;18/10/2021;Editee;Aucun;C;Cadet;Arc Classique;;;;;;13/10/2021;Non contre ind. compétition;;;;;20 RUE DE RENNES;;35522;MELESSE;FRANCE;35522;ruby_watson4302@gembat.biz;;06 26 95 72 55;07 35 92 37 58;;;;-1.6973015;48.2162832;Oui;
17/10/2021 08:58;Actif;1;346239X;M.;COLLINS;JULIUS;04/29/1979;FR;Homme;335073;LES ARCHERS DE LIFFRE;LIFFRE;35000;COMITE DEPARTEMENTAL ILLE ET VILAINE;CR03;COMITE REGIONAL DE BRETAGNE;FFTA;2022;;60,75;Non;Non;Assurance;ASSUR;;;L;ADULTE Pratique en club;;RENOUVELLEMENT;LIC;Licences;0000002477.21.22.008;01/10/2021;01/11/2021;Paye;17/10/2021;31/08/2022;17/10/2021;17/10/2021;18/10/2021;Editee;Aucun;S2;Sénior 2;Arc Classique;;01/10/2021;Non contre indication Pratique;D Chatel Marion;10101253978;;;;;;;;17 RUE NATIONALE;35190;SAINT-DOMINEUC;FRANCE;35190;julius_collins3219@guentu.biz;julius_collins3219@guentu.biz;06 59 13 13 62;07 20 15 86 91;;06 39 10 28 16;;-1.8750562;48.3712812;Oui;L
18/10/2021 06:06;Actif;1;376581A;Mme;LYNCH;SARAH;07/22/1949;FR;Femme;335073;LES ARCHERS DE LIFFRE;LIFFRE;35000;COMITE DEPARTEMENTAL ILLE ET VILAINE;CR03;COMITE REGIONAL DE BRETAGNE;FFTA;2022;;68,75;Non;Non;Assurance;ASSUR;;;A;ADULTE Pratique en compétition;;RENOUVELLEMENT;LIC;Licences;0000002477.21.22.008;01/10/2021;01/11/2021;Paye;18/10/2021;31/08/2022;18/10/2021;18/10/2021;19/10/2021;Editee;Aucun;S2;Sénior 2;Arc Classique;;;;;;13/10/2021;Non contre ind. compétition;;;;;PLACE DE LA MAIRIE;;35651;LE RHEU CEDEX;FRANCE;35651;sarah_lynch4328@eirey.tech;;07 57 16 74 20;06 35 58 74 42;;;;-1.795384;48.101097;Non;S
19/10/2021 11:56;Actif;1;915584G;M.;DILLON;BENJAMIN;07/22/1949;FR;Homme;335073;LES ARCHERS DE LIFFRE;LIFFRE;35000;COMITE DEPARTEMENTAL ILLE ET VILAINE;CR03;COMITE REGIONAL DE BRETAGNE;FFTA;2022;;68,75;Non;Non;Assurance;ASSUR;;;A;ADULTE Pratique en compétition;;RENOUVELLEMENT;LIC;Licences;0000002477.21.22.008;01/10/2021;01/11/2021;Paye;19/10/2021;31/08/2022;19/10/2021;19/10/2021;15/11/2021;Editee;Aucun;S1;Sénior 1;Arc à Poulies;;;;;;23/09/2019;Non contre ind. compétition;;;;;;1 SQUARE DE LA MAIRIE;35140;SAINT-HILAIRE-DES-LANDES;FRANCE;35140;benjamin_dillon98@infotech44.tech;;06 91 85 28 18;07 23 58 69 21;06 80 50 32 80;;;-1.3561202;48.3515187;Oui;S
23/10/2021 10:02;Actif;1;609456T;Mme;STEWART;SONYA;02/16/1964;FR;Femme;335073;LES ARCHERS DE LIFFRE;LIFFRE;35000;COMITE DEPARTEMENTAL ILLE ET VILAINE;CR03;COMITE REGIONAL DE BRETAGNE;FFTA;2022;;38,75;Non;Non;Assurance;ASSUR;;;J;Jeune;;CREATION;LIC;Licences;0000002477.21.22.008;01/10/2021;01/11/2021;Paye;23/10/2021;31/08/2022;23/10/2021;23/10/2021;24/10/2021;Editee;Aucun;B;Benjamin;Arc Classique;;;;;;23/10/2021;Non contre ind. compétition;;;;;;11 RUE DE LA CORDONNERIE;35560;NOYAL-SOUS-BAZOUGES;FRANCE;35560;sonya_stewart5390@guentu.biz;sonya_stewart5390@guentu.biz;07 75 39 79 92;06 12 20 91 27;;;;-1.624752;48.413466;Oui;
23/10/2021 10:08;Actif;1;663601I;Mme;ROSS;ISLA;02/16/1964;FR;Femme;335073;LES ARCHERS DE LIFFRE;LIFFRE;35000;COMITE DEPARTEMENTAL ILLE ET VILAINE;CR03;COMITE REGIONAL DE BRETAGNE;FFTA;2022;;29,75;Non;Non;Assurance;ASSUR;;;P;Poussin;;CREATION;LIC;Licences;0000002477.21.22.008;01/10/2021;01/11/2021;Paye;23/10/2021;31/08/2022;23/10/2021;23/10/2021;24/10/2021;Editee;Aucun;P;Poussin;Arc Classique;;;;;;23/10/2021;Non contre ind. compétition;;;;;;19 RUE DE LARIBOISIÈRE;35420;LOUVIGNÉ-DU-DÉSERT;FRANCE;35420;isla_ross8283@twace.org;isla_ross8283@twace.org;07 73 62 45 76;06 63 66 47 34;;06 83 37 15 89;;-1.12291002274;48.4815177917;Oui;
24/10/2021 12:30;Actif;1;323966E;M.;SWIFT;RYAN;02/14/1984;FR;Homme;335073;LES ARCHERS DE LIFFRE;LIFFRE;35000;COMITE DEPARTEMENTAL ILLE ET VILAINE;CR03;COMITE REGIONAL DE BRETAGNE;FFTA;2022;;38,75;Non;Non;Assurance;ASSUR;;;J;Jeune;;CREATION;LIC;Licences;0000002477.21.22.008;01/10/2021;01/11/2021;Paye;24/10/2021;31/08/2022;24/10/2021;24/10/2021;25/10/2021;Editee;Aucun;B;Benjamin;Arc Classique;;;;;;24/10/2021;Non contre ind. compétition;;;;;2 PLACE CONSTANT-GENDROT;;35190;MINIAC-SOUS-BÉCHEREL;FRANCE;35190;ryan_swift8789@typill.biz;ryan_swift8789@typill.biz;06 77 42 51 54;07 89 73 63 69;06 79 41 71 26;07 40 23 99 66;;-1.930957;48.284055;Oui;
24/10/2021 09:02;Actif;1;672313T;M.;CLARK;ABDUL;02/14/1984;FR;Homme;335073;LES ARCHERS DE LIFFRE;LIFFRE;35000;COMITE DEPARTEMENTAL ILLE ET VILAINE;CR03;COMITE REGIONAL DE BRETAGNE;FFTA;2022;;68,75;Non;Non;Assurance;ASSUR;;;A;ADULTE Pratique en compétition;;RENOUVELLEMENT;LIC;Licences;0000002477.21.22.008;01/10/2021;01/11/2021;Paye;24/10/2021;31/08/2022;24/10/2021;24/10/2021;25/10/2021;Editee;Aucun;S1;Sénior 1;Arc Classique;;;;;;08/10/2021;Non contre ind. compétition;;;;;1 RUE ABBÉ-CORBE;;35550;SAINT-JUST;FRANCE;35550;abdul_clark5921@deons.tech;abdul_clark5921@deons.tech;06 63 99 88 98;06 52 52 91 48;07 18 66 98 57;;;-1.9620876;47.7649437;Oui;L
24/10/2021 09:11;Actif;1;217704T;M.;HAMILTON;JOHNATHAN;02/14/1984;FR;Homme;335073;LES ARCHERS DE LIFFRE;LIFFRE;35000;COMITE DEPARTEMENTAL ILLE ET VILAINE;CR03;COMITE REGIONAL DE BRETAGNE;FFTA;2022;;68,75;Non;Non;Assurance;ASSUR;;;A;ADULTE Pratique en compétition;;RENOUVELLEMENT;LIC;Licences;0000002477.21.22.008;01/10/2021;01/11/2021;Paye;24/10/2021;31/08/2022;24/10/2021;24/10/2021;25/10/2021;Editee;Aucun;S2;Sénior 2;Arc Classique;;;;;;16/09/2020;Non contre ind. compétition;;;;;44 AVENUE ANDRÉ-BONNIN;;35574;CHANTEPIE CEDEX;FRANCE;35574;johnathan_hamilton4854@grannar.com;;07 70 63 97 85;06 22 86 97 39;07 63 77 18 64;;;-1.62008798122;48.0886764526;Oui;L
25/10/2021 11:47;Actif;1;113239W;M.;BRYSON;BARRY;02/14/1984;FR;Homme;335073;LES ARCHERS DE LIFFRE;LIFFRE;35000;COMITE DEPARTEMENTAL ILLE ET VILAINE;CR03;COMITE REGIONAL DE BRETAGNE;FFTA;2022;;68,75;Non;Non;Assurance;ASSUR;;;A;ADULTE Pratique en compétition;;RENOUVELLEMENT;LIC;Licences;0000002477.21.22.008;01/10/2021;01/11/2021;Paye;25/10/2021;31/08/2022;25/10/2021;25/10/2021;26/10/2021;Editee;Aucun;S2;Sénior 2;Arc Classique;;;;;;29/09/2019;Non contre ind. compétition;;;;;2 RUE ONFFROY-DE-LA-ROSIÈRE;;35550;SIXT-SUR-AFF;FRANCE;35550;barry_bryson3607@famism.biz;barry_bryson3607@famism.biz;06 58 20 29 44;07 75 46 21 30;06 36 19 53 59;06 60 93 83 58;;-2.08014011383;47.7760009766;Oui;L
25/10/2021 11:50;Actif;1;191907J;M.;VILLIGER;ROGER;07/20/1965;FR;Homme;335073;LES ARCHERS DE LIFFRE;LIFFRE;35000;COMITE DEPARTEMENTAL ILLE ET VILAINE;CR03;COMITE REGIONAL DE BRETAGNE;FFTA;2022;;38,75;Non;Non;Assurance;ASSUR;;;J;Jeune;;RENOUVELLEMENT;LIC;Licences;0000002477.21.22.008;01/10/2021;01/11/2021;Paye;25/10/2021;31/08/2022;25/10/2021;25/10/2021;26/10/2021;Editee;Aucun;C;Cadet;Arc Classique;;;;;;25/10/2021;Non contre ind. compétition;;;;;1 RUE CHATEAUBRIAND;;35320;LE SEL-DE-BRETAGNE;FRANCE;35320;roger_villiger2984@mafthy.com;roger_villiger2984@mafthy.com;07 96 63 85 23;06 28 38 87 93;;;;-1.6089891;47.8952064;Oui;S
02/11/2021 08:59;Actif;1;899464M;M.;WILCOX;RUSSEL;03/28/1964;FR;Homme;335073;LES ARCHERS DE LIFFRE;LIFFRE;35000;COMITE DEPARTEMENTAL ILLE ET VILAINE;CR03;COMITE REGIONAL DE BRETAGNE;FFTA;2022;;38,75;Non;Non;Assurance;ASSUR;;;J;Jeune;;RENOUVELLEMENT;LIC;Licences;0000002477.21.22.009;01/11/2021;01/12/2021;Paye;02/11/2021;31/08/2022;02/11/2021;02/11/2021;03/11/2021;Editee;Aucun;C;Cadet;Arc Nu;;;;;;02/11/2021;Non contre ind. compétition;;;;;1 RUE ANNE-RENÉ-THÉBAULT;;35490;ROMAZY;FRANCE;35490;russel_wilcox6692@tonsy.org;;06 41 50 20 42;07 66 15 56 58;07 10 30 73 27;;;-1.49783802032;48.3763580322;Oui;S
07/11/2021 11:42;Actif;1;531683L;Mme;HOWARD;ELENA;03/28/1964;FR;Femme;335073;LES ARCHERS DE LIFFRE;LIFFRE;35000;COMITE DEPARTEMENTAL ILLE ET VILAINE;CR03;COMITE REGIONAL DE BRETAGNE;FFTA;2022;;38,75;Non;Non;Assurance;ASSUR;;;J;Jeune;;CREATION;LIC;Licences;0000002477.21.22.009;01/11/2021;01/12/2021;Paye;07/11/2021;31/08/2022;07/11/2021;07/11/2021;08/11/2021;Editee;Aucun;M;Minime;Arc Classique;;;;;;07/11/2021;Non contre ind. compétition;;;;;6 LE BOURG;;35190;LONGAULNAY;FRANCE;35190;elena_howard8334@brety.org;elena_howard8334@brety.org;07 23 19 70 71;07 86 51 74 87;;;;-1.90837001801;48.3460998535;Oui;
08/11/2021 09:13;Actif;1;182024D;Mme;KHAN;MARINA;04/25/1956;FR;Femme;335073;LES ARCHERS DE LIFFRE;LIFFRE;35000;COMITE DEPARTEMENTAL ILLE ET VILAINE;CR03;COMITE REGIONAL DE BRETAGNE;FFTA;2022;;68,75;Non;Non;Assurance;ASSUR;;;A;ADULTE Pratique en compétition;;RENOUVELLEMENT;LIC;Licences;0000002477.21.22.009;01/11/2021;01/12/2021;Paye;08/11/2021;31/08/2022;08/11/2021;08/11/2021;09/11/2021;Editee;Aucun;S2;Sénior 2;Arc à Poulies;;;;;;05/11/2021;Non contre ind. compétition;;;;;1 RUE NEUVE;;35580;BAULON;FRANCE;35580;marina_khan449@zorer.org;marina_khan449@zorer.org;07 42 82 17 16;07 70 63 73 53;;;;-1.9324988;47.9849901;Oui;L
08/11/2021 09:26;Actif;1;686587D;M.;JEFFERY;ELIJAH;04/26/1957;FR;Homme;335073;LES ARCHERS DE LIFFRE;LIFFRE;35000;COMITE DEPARTEMENTAL ILLE ET VILAINE;CR03;COMITE REGIONAL DE BRETAGNE;FFTA;2022;;38,75;Non;Non;Assurance;ASSUR;;;J;Jeune;;CREATION;LIC;Licences;0000002477.21.22.009;01/11/2021;01/12/2021;Paye;08/11/2021;31/08/2022;08/11/2021;08/11/2021;09/11/2021;Editee;Aucun;M;Minime;Arc Classique;;;;;;08/11/2021;Non contre ind. compétition;;;;;2 RUE DE LA MAIRIE;;35522;LA CHAPELLE-DES-FOUGERETZ;FRANCE;35522;elijah_jeffery6676@naiker.biz;;07 37 46 44 30;06 61 36 54 51;;;;-1.73350000381;48.1775016785;Oui;
13/11/2021 10:28;Actif;1;912477C;Mme;RIPLEY;DREW;03/28/1964;FR;Femme;335073;LES ARCHERS DE LIFFRE;LIFFRE;35000;COMITE DEPARTEMENTAL ILLE ET VILAINE;CR03;COMITE REGIONAL DE BRETAGNE;FFTA;2022;;38,75;Non;Non;Assurance;ASSUR;;;J;Jeune;;RENOUVELLEMENT;LIC;Licences;0000002477.21.22.009;01/11/2021;01/12/2021;Paye;13/11/2021;31/08/2022;13/11/2021;13/11/2021;14/11/2021;Editee;Aucun;M;Minime;Arc Classique;;;;;;13/11/2021;Non contre ind. compétition;;;;;RUE DE LA GARE;;35111;LA FRESNAIS;FRANCE;35111;drew_ripley8853@twipet.com;drew_ripley8853@twipet.com;07 16 98 94 28;07 90 93 79 77;;06 74 55 33 61;;-1.8431885;48.5948205;Non;S
19/11/2021 06:48;Actif;1;934638N;Mme;RADCLIFFE;GRETA;04/27/2011;FR;Femme;335073;LES ARCHERS DE LIFFRE;LIFFRE;35000;COMITE DEPARTEMENTAL ILLE ET VILAINE;CR03;COMITE REGIONAL DE BRETAGNE;FFTA;2022;;68,75;Non;Non;Assurance;ASSUR;;;A;ADULTE Pratique en compétition;;RENOUVELLEMENT;LIC;Licences;0000002477.21.22.009;01/11/2021;01/12/2021;Paye;19/11/2021;31/08/2022;19/11/2021;19/11/2021;20/11/2021;Editee;Aucun;S1;Sénior 1;Arc Classique;;;;;;13/11/2021;Non contre ind. compétition;;;;;2 PLACE SAINT-MARTIN;;35133;JAVENÉ;FRANCE;35133;greta_radcliffe7896@grannar.com;greta_radcliffe7896@grannar.com;07 79 84 27 27;06 67 94 96 50;;07 76 78 82 95;;-1.21717000008;48.3195991516;Non;L
19/11/2021 07:21;Actif;1;485772A;Mme;GONZALES;ANABELLE;08/26/1966;FR;Femme;335073;LES ARCHERS DE LIFFRE;LIFFRE;35000;COMITE DEPARTEMENTAL ILLE ET VILAINE;CR03;COMITE REGIONAL DE BRETAGNE;FFTA;2022;;29,75;Non;Non;Assurance;ASSUR;;;P;Poussin;;CREATION;LIC;Licences;0000002477.21.22.009;01/11/2021;01/12/2021;Paye;19/11/2021;31/08/2022;19/11/2021;19/11/2021;20/11/2021;Editee;Aucun;P;Poussin;Arc Classique;;;;;;19/11/2021;Non contre ind. compétition;;;;;10 RUE CHATEAUBRIAND;;35762;SAINT-GRÉGOIRE CEDEX;FRANCE;35762;anabelle_gonzales8274@liret.org;;07 95 16 55 88;06 87 55 92 84;07 53 11 85 39;;;-1.6834112;48.1538833;Non;
19/11/2021 07:57;Actif;1;959092M;Mme;HAINES;LINDSAY;03/28/1964;FR;Femme;335073;LES ARCHERS DE LIFFRE;LIFFRE;35000;COMITE DEPARTEMENTAL ILLE ET VILAINE;CR03;COMITE REGIONAL DE BRETAGNE;FFTA;2022;;68,75;Non;Non;Assurance;ASSUR;;;A;ADULTE Pratique en compétition;;RENOUVELLEMENT;LIC;Licences;0000002477.21.22.009;01/11/2021;01/12/2021;Paye;19/11/2021;31/08/2022;19/11/2021;19/11/2021;20/11/2021;Editee;Aucun;S3;Sénior 3;Arc à Poulies;;;;;;11/10/2021;Non contre ind. compétition;;;;;26 RUE DU PETIT-MORIN;;35500;POCÉ-LES-BOIS;FRANCE;35500;lindsay_haines1102@yahoo.com;lindsay_haines1102@yahoo.com;06 98 86 24 96;06 29 76 11 44;06 12 14 98 62;06 17 19 10 35;;-1.25029;48.1161994;Oui;
19/11/2021 08:08;Actif;1;926479G;Mme;MURPHY;MABEL;09/23/1998;FR;Femme;335073;LES ARCHERS DE LIFFRE;LIFFRE;35000;COMITE DEPARTEMENTAL ILLE ET VILAINE;CR03;COMITE REGIONAL DE BRETAGNE;FFTA;2022;;38,75;Non;Non;Assurance;ASSUR;;;J;Jeune;;CREATION;LIC;Licences;0000002477.21.22.009;01/11/2021;01/12/2021;Paye;19/11/2021;31/08/2022;19/11/2021;19/11/2021;20/11/2021;Editee;Aucun;B;Benjamin;Arc Classique;;;;;;19/11/2021;Non contre ind. compétition;;;;;1 PLACE DE LA MAIRIE;;35640;ÉANCÉ;FRANCE;35640;mabel_murphy5183@iatim.tech;;06 79 81 55 23;07 26 77 56 39;07 54 67 15 77;;;-1.2444762;47.8224386;Oui;
27/11/2021 09:45;Actif;1;767087T;Mme;BOLTON;SADIE;03/28/1964;FR;Femme;335073;LES ARCHERS DE LIFFRE;LIFFRE;35000;COMITE DEPARTEMENTAL ILLE ET VILAINE;CR03;COMITE REGIONAL DE BRETAGNE;FFTA;2022;;38,75;Non;Non;Assurance;ASSUR;;;J;Jeune;;RENOUVELLEMENT;LIC;Licences;0000002477.21.22.009;01/11/2021;01/12/2021;Paye;27/11/2021;31/08/2022;27/11/2021;27/11/2021;28/11/2021;Editee;Aucun;B;Benjamin;Arc Classique;;;;;;27/11/2021;Non contre ind. compétition;;;;;7 PLACE DU CHÊNE-VERT;;35310;CINTRÉ;FRANCE;35310;sadie_bolton9527@supunk.biz;sadie_bolton9527@supunk.biz;07 20 81 96 79;06 37 13 71 85;;07 82 73 66 29;;-1.87136995792;48.1055984497;Non;S
27/11/2021 09:51;Actif;1;556224V;Mme;VEALE;TANIA;03/28/1964;FR;Femme;335073;LES ARCHERS DE LIFFRE;LIFFRE;35000;COMITE DEPARTEMENTAL ILLE ET VILAINE;CR03;COMITE REGIONAL DE BRETAGNE;FFTA;2022;;68,75;Non;Non;Assurance;ASSUR;;;A;ADULTE Pratique en compétition;;CREATION;LIC;Licences;0000002477.21.22.009;01/11/2021;01/12/2021;Paye;27/11/2021;31/08/2022;27/11/2021;27/11/2021;28/11/2021;Editee;Aucun;S1;Sénior 1;Arc Classique;;;;;;21/09/2021;Non contre ind. compétition;;;;;PLACE DE LA MAIRIE;;35630;LA CHAPELLE-CHAUSSÉE;FRANCE;35630;tania_veale6549@eirey.tech;;07 50 45 98 13;06 79 16 10 19;06 94 72 41 75;;;-1.80184996128;48.2957000732;Oui;
15/12/2021 07:27;Actif;1;160520Q;M.;WEASLEY;DANIEL;03/28/1964;FR;Homme;335073;LES ARCHERS DE LIFFRE;LIFFRE;35000;COMITE DEPARTEMENTAL ILLE ET VILAINE;CR03;COMITE REGIONAL DE BRETAGNE;FFTA;2022;;38,75;Non;Non;Assurance;ASSUR;;;J;Jeune;;RENOUVELLEMENT;LIC;Licences;0000002477.21.22.010;01/12/2021;;EnAttente;15/12/2021;31/08/2022;15/12/2021;15/12/2021;16/12/2021;Editee;Aucun;C;Cadet;Arc Classique;;;;;;15/12/2021;Non contre ind. compétition;;;;;RUE DE PARIS;;35133;BEAUCÉ;FRANCE;35133;daniel_weasley6562@ubusive.com;;07 36 94 37 58;06 89 26 55 59;07 67 98 37 22;;;-1.15357995033;48.3375015259;Non;S
